,Name,Team,Pos,AVG,ESPN,CBS,Yahoo,Underdog,Fantrax,ESPN AAV,Status,Injury
1,Nikola Jokic,DEN,C,1.5,2.23,1.61,1.30,1.20,1.11,64.83,,
2,Giannis Antetokounmpo,MIL,F,2.4,2.72,1.74,3.20,1.90,2.41,65.72,,
3,Luka Doncic,DAL,G,3.3,2.79,2.82,4.20,3.00,3.71,63.44,,
6,Jayson Tatum,BOS,F,6.6,4.84,8.40,7.60,5.20,6.73,60.14,,
10,Ja Morant,MEM,G,11.6,7.14,7.87,18.40,8.00,16.70,54.58,,
7,Stephen Curry,GSW,G,9.3,7.93,11.54,6.00,12.10,8.93,49.65,OUT,Ankle
5,Kevin Durant,BKN,F,6.3,8.17,5.74,5.10,6.40,5.86,54.11,,
T12,Tyrese Haliburton,IND,G,16.1,8.98,27.23,13.50,15.90,14.88,53.28,GTD,Groin
4,Joel Embiid,PHI,C,5.1,9.01,5.02,3.40,4.30,3.84,51.35,,
8,Trae Young,ATL,G,10.8,10.65,10.37,10.90,11.10,10.92,51.65,,
9,LeBron James,LAL,F,11.3,11.26,6.85,15.80,10.10,12.36,49.15,,
16,Devin Booker,PHO,G,17.6,13.62,22.77,15.70,18.20,17.88,42.43,,
19,Dejounte Murray,ATL,G,22.6,15.29,29.90,20.50,22.90,24.39,44.76,,
33,Shai Gilgeous-Alexander,OKC,G,34.5,16.03,34.52,47.40,30.50,43.94,41.31,,
21,DeMar DeRozan,CHI,F,24.8,16.76,23.26,31.20,20.90,31.80,40.03,,
11,Karl-Anthony Towns,MIN,C,11.9,19.62,11.28,9.30,9.50,9.77,43.74,OUT,Calf
26,Donovan Mitchell,CLE,G,27.3,20.47,32.53,24.90,27.90,30.65,34.22,,
17,Anthony Davis,LAL,C,17.7,21.62,13.18,17.60,18.60,17.35,29.80,OUT,Illness
14,LaMelo Ball,CHA,G,16.7,21.65,18.52,13.20,13.70,16.52,43.05,OUT,Ankle
18,Domantas Sabonis,SAC,C,21.8,22.65,19.92,24.10,21.00,21.12,36.00,,
50,Jalen Brunson,NYK,G,53.0,26.04,55.20,64.30,55.90,63.67,31.60,,
22,Pascal Siakam,TOR,F,25.4,26.68,28.26,28.70,20.50,22.62,27.43,,
20,Anthony Edwards,MIN,G,23.7,28.68,30.07,20.40,18.00,21.11,22.71,,
32,Nikola Vucevic,CHI,C,34.2,28.93,32.87,35.00,37.70,36.28,30.35,,
35,Darius Garland,CLE,G,35.3,29.72,43.14,30.40,41.00,32.19,25.33,,
15,Damian Lillard,POR,G,17.4,29.94,14.07,13.90,14.80,14.29,29.63,,
28,Rudy Gobert,MIN,C,30.8,31.83,35.20,27.90,32.10,26.99,23.63,,
40,Jrue Holiday,MIL,G,41.8,32.19,43.77,42.50,46.70,43.89,27.83,,
24,Bam Adebayo,MIA,C,25.9,32.30,21.07,22.20,30.10,23.70,17.45,,
25,Zion Williamson,NOP,F,26.4,32.46,19.26,34.90,16.50,28.97,15.88,,
34,Jaylen Brown,BOS,F,35.1,34.74,36.96,38.60,25.40,39.69,17.95,,
30,Cade Cunningham,DET,G,31.7,35.50,37.45,31.50,26.90,27.02,31.37,OUT,Lower Leg
23,Kyrie Irving,BKN,G,25.5,36.08,20.48,16.80,34.00,20.08,14.27,,
36,De'Aaron Fox,SAC,G,37.3,38.10,27.75,45.80,34.30,40.70,18.88,,
37,Fred VanVleet,TOR,G,38.9,39.42,46.22,26.70,48.00,33.97,22.85,,
43,Julius Randle,NYK,F,47.2,42.92,30.74,66.90,42.20,53.36,14.04,,
T12,James Harden,PHI,G,16.1,43.56,13.39,8.30,7.60,7.55,15.18,,
42,Scottie Barnes,TOR,F,43.7,43.84,48.84,44.40,37.20,44.34,14.35,,
41,Evan Mobley,CLE,F,43.1,44.62,47.88,40.10,42.20,40.73,13.66,,
29,Jimmy Butler,MIA,F,31.6,44.95,19.37,30.30,31.00,32.16,14.26,OUT,Rest
31,Bradley Beal,WAS,G,33.8,45.16,21.87,35.00,32.20,34.77,14.17,OUT,Hamstring
27,Paul George,LAC,G,30.0,45.64,31.34,20.80,29.50,22.61,17.78,,
49,Terry Rozier,CHA,G,52.4,46.85,65.36,47.80,50.50,51.47,19.80,,
51,Paolo Banchero,ORL,F,58.2,50.81,54.76,73.10,51.20,61.16,10.02,,
52,Desmond Bane,MEM,G,58.6,50.88,79.22,49.90,60.90,51.95,19.90,OUT,Toe
47,CJ McCollum,NOP,G,50.2,51.97,46.76,51.30,46.10,54.91,16.51,,
62,Andrew Wiggins,GSW,F,69.2,53.14,62.99,82.10,59.40,88.19,8.68,OUT,Groin
45,Kristaps Porzingis,WAS,F,48.6,55.58,45.62,46.60,56.20,38.99,10.83,,
81,Lauri Markkanen,UTA,F,81.6,55.98,92.62,92.90,90.90,75.66,10.86,,
38,Zach LaVine,CHI,G,40.8,57.91,31.06,40.50,35.30,39.13,8.16,,
44,Brandon Ingram,NOP,F,47.8,63.08,37.50,50.90,39.60,48.01,8.69,OUT,Toe
70,Jakob Poeltl,SAS,C,75.1,66.71,86.68,71.20,84.80,66.00,9.33,GTD,Knee
48,Deandre Ayton,PHO,C,50.6,66.76,53.52,39.90,49.20,43.60,6.15,,
54,Khris Middleton,MIL,G,60.1,66.85,45.70,55.00,52.10,80.97,7.47,,
61,Alperen Sengun,HOU,C,68.4,67.93,77.07,67.50,69.30,60.17,7.47,,
75,Russell Westbrook,LAL,G,80.3,70.87,83.21,102.50,55.70,89.28,4.20,,
T84,Buddy Hield,IND,G,84.7,74.54,91.09,82.80,82.80,92.38,5.94,,
T79,Kevin Porter,HOU,G,81.4,76.88,83.22,103.20,67.70,75.93,4.99,,
55,Jonas Valanciunas,NOP,C,60.5,77.43,50.35,54.00,64.70,56.15,5.68,,
59,Tyrese Maxey,PHI,G,64.8,78.20,59.92,55.00,61.80,69.21,6.76,OUT,Foot
46,Chris Paul,PHO,G,49.7,78.38,47.30,36.20,46.10,40.37,5.83,GTD,Heel
T79,Myles Turner,IND,C,81.4,80.44,91.73,41.50,91.70,101.62,5.92,GTD,Hamstring
86,Kyle Kuzma,WAS,F,86.9,80.69,85.22,99.20,72.00,97.15,3.45,,
66,D'Angelo Russell,MIN,G,73.5,81.33,63.49,74.10,72.00,76.47,4.06,,
78,Mikal Bridges,PHO,F,80.8,81.49,103.12,59.40,87.10,72.70,4.60,,
64,Jordan Poole,GSW,G,73.0,81.66,74.17,65.10,71.00,72.97,2.01,,
58,Keldon Johnson,SAS,F,64.7,82.84,52.76,70.00,55.20,62.51,4.20,,
63,Jamal Murray,DEN,G,69.4,82.86,54.83,76.70,63.20,69.34,3.60,,
72,Tyler Herro,MIA,G,77.2,83.49,74.40,74.10,74.90,78.93,3.56,,
53,Josh Giddey,OKC,G,60.0,83.70,58.33,59.00,42.40,56.54,3.46,,
92,Anfernee Simons,POR,G,92.7,84.00,88.60,97.70,98.10,94.86,3.97,,
74,Devin Vassell,SAS,F,79.9,85.24,94.46,76.40,76.30,67.00,4.07,,
71,Tobias Harris,PHI,F,76.3,86.76,71.20,74.00,65.90,83.85,2.97,,
39,Kawhi Leonard,LAC,F,40.9,87.66,20.15,25.20,24.10,47.23,2.89,,
73,OG Anunoby,TOR,F,77.5,88.24,86.88,61.60,84.60,65.93,5.06,,
60,Jalen Green,HOU,G,67.4,92.32,56.49,66.70,59.50,61.86,2.62,,
57,Ben Simmons,BKN,F,63.4,93.11,45.61,76.30,46.10,55.77,2.12,OUT,Knee
82,Franz Wagner,ORL,F,84.0,93.32,96.31,74.50,78.80,76.86,2.26,,
T102,Bobby Portis,MIL,F,106.5,93.32,108.31,103.60,120.60,106.79,2.03,,
100,Spencer Dinwiddie,DAL,G,104.9,94.55,88.80,121.00,100.20,119.70,2.22,,
68,Klay Thompson,GSW,G,74.5,94.58,71.19,59.20,71.70,75.70,1.81,,
56,Jarrett Allen,CLE,C,61.9,95.67,66.67,44.00,58.20,44.79,2.43,,
69,Jusuf Nurkic,POR,C,74.6,98.74,59.83,70.80,69.20,74.63,1.57,,
67,John Collins,ATL,F,73.9,99.40,69.64,57.10,80.10,63.07,2.15,OUT,Ankle
T84,Collin Sexton,UTA,G,84.7,100.38,72.80,87.00,75.50,87.90,1.26,,
91,Saddiq Bey,DET,F,92.6,101.39,98.64,92.80,87.40,82.67,1.38,,
90,Jerami Grant,POR,F,92.0,104.68,89.51,80.40,92.30,93.10,2.38,,
88,Keegan Murray,SAC,F,87.8,104.77,64.68,94.90,86.30,88.37,0.98,,
T124,Kelly Oubre,CHA,F,125.2,105.69,135.13,136.10,122.60,126.34,2.08,,
65,Christian Wood,DAL,C,73.1,106.18,61.47,66.80,66.80,64.04,1.09,,
89,Draymond Green,GSW,F,91.2,106.51,91.83,78.80,98.10,80.76,1.00,OUT,Hip
143,Brook Lopez,MIL,C,139.3,106.53,143.71,120.20,189.10,136.91,2.63,,
83,Clint Capela,ATL,C,84.6,107.48,70.53,82.20,79.30,83.34,1.18,,
77,Michael Porter,DEN,F,80.5,107.84,82.95,59.80,73.70,78.15,1.38,OUT,Heel
113,Ivica Zubac,LAC,C,117.7,108.03,132.27,102.00,132.70,113.61,1.04,,
115,Jordan Clarkson,UTA,G,118.8,109.09,119.91,130.70,100.40,134.09,1.16,,
95,Tre Jones,SAS,G,101.3,109.16,105.94,103.70,88.20,99.25,1.12,,
108,Josh Hart,POR,F,114.6,110.06,116.69,122.30,108.60,115.19,0.89,,
76,RJ Barrett,NYK,G,80.4,111.63,57.00,95.10,54.40,83.89,0.93,,
109,Robert Williams,BOS,C,114.9,112.01,120.23,89.00,119.70,133.36,0.91,OUT,Knee
T96,Kyle Lowry,MIA,G,103.9,113.18,98.74,104.60,108.10,94.97,1.30,,
129,Bojan Bogdanovic,DET,F,126.3,113.40,121.65,119.80,137.00,139.75,1.05,,
105,Jaren Jackson,MEM,F,111.2,113.97,86.83,105.60,92.60,156.89,2.94,,
T122,Nicolas Claxton,BKN,C,124.7,114.72,135.25,127.80,131.90,113.59,1.55,,
94,Marcus Smart,BOS,G,95.9,115.10,91.78,87.80,94.80,90.04,1.18,,
121,Jalen Suggs,ORL,G,124.5,115.94,117.13,139.50,129.10,120.98,0.77,OUT,Ankle
98,Malcolm Brogdon,BOS,G,104.3,116.34,77.22,112.80,106.80,108.34,0.80,GTD,Illness
87,Wendell Carter,ORL,C,87.6,116.57,86.61,76.20,87.30,71.15,1.08,OUT,Foot
T122,Bennedict Mathurin,IND,G,124.7,117.33,121.81,132.60,115.70,136.24,1.20,,
T102,Gary Trent,TOR,G,106.5,117.70,118.31,88.80,110.70,97.07,0.86,,
657,Chris Boucher,TOR,F,150.4,118.38,-,138.00,190.70,154.70,0.81,,
710,Bol Bol,ORL,F,206.8,118.47,-,127.70,191.70,389.38,0.89,,
634,Kevin Huerter,SAC,G,141.9,120.15,141.81,141.40,147.70,158.64,0.92,,
130,Mike Conley,UTA,G,128.2,121.97,113.59,128.40,140.50,136.44,0.73,GTD,Leg
101,P.J. Washington,CHA,F,105.2,122.39,113.48,97.60,99.90,92.52,0.82,,
104,Mitchell Robinson,NYK,C,108.1,123.06,117.53,91.90,106.20,101.56,0.86,,
111,Jaden Ivey,DET,G,115.4,123.45,97.46,133.30,96.70,125.89,0.83,,
118,Steven Adams,MEM,C,120.6,124.48,106.60,128.00,123.90,120.16,0.86,,
739,Lonnie Walker,LAL,G,245.4,125.41,-,-,190.50,420.27,0.71,,
119,Aaron Gordon,DEN,F,121.1,128.19,101.57,134.40,114.30,127.27,0.76,,
120,Monte Morris,WAS,G,123.8,128.95,134.07,116.00,120.40,119.52,0.76,,
107,Brandon Clarke,MEM,F,114.3,129.39,118.46,102.80,113.20,107.41,0.70,,
114,Cole Anthony,ORL,G,118.2,130.52,118.53,125.80,93.00,123.02,0.68,,
639,Kelly Olynyk,UTA,C,144.4,130.99,143.06,138.70,174.50,134.53,0.74,,
134,Jarred Vanderbilt,UTA,F,130.5,131.33,146.00,124.50,129.70,121.19,0.95,,
T147,Bogdan Bogdanovic,ATL,G,139.9,131.45,126.76,135.10,146.30,160.02,0.68,,
117,Dillon Brooks,MEM,F,120.5,132.11,103.17,130.40,115.80,120.94,0.28,,
651,Andre Drummond,CHI,C,147.8,132.70,131.95,134.30,163.10,176.92,0.60,,
T96,Al Horford,BOS,C,103.9,133.00,97.22,83.10,105.50,100.87,0.29,,
675,Seth Curry,BKN,G,157.1,133.36,-,138.50,178.70,177.75,0.17,,
128,Caris LeVert,CLE,G,126.2,134.27,104.98,139.30,113.00,139.51,0.59,,
99,Gordon Hayward,CHA,F,104.8,134.85,80.35,109.20,98.60,101.23,0.70,OUT,Shoulder
650,Derrick White,BOS,G,147.7,134.94,151.56,141.00,156.90,153.90,0.06,,
112,John Wall,LAC,G,115.9,135.17,101.99,122.80,106.30,113.37,0.12,OUT,Knee
139,Lonzo Ball,CHI,G,137.6,135.73,128.85,132.00,144.90,146.64,0.05,OUT,Knee
93,Jabari Smith,HOU,F,94.1,136.79,73.78,100.60,79.40,80.11,0.14,,
721,Royce O'Neale,BKN,F,219.7,137.02,-,147.30,191.60,403.05,0.08,,
110,Harrison Barnes,SAC,F,115.1,137.36,95.86,106.00,117.20,119.25,0.11,,
673,Malik Beasley,UTA,G,156.0,137.41,149.78,141.30,175.80,175.65,0.04,,
142,Ayo Dosunmu,CHI,G,139.1,137.43,140.06,135.90,133.60,148.75,0.51,,
106,Jalen Smith,IND,F,113.4,137.61,122.55,110.10,106.00,90.80,0.23,,
668,Malik Monk,SAC,G,154.3,137.70,-,140.20,188.80,150.44,0.03,,
638,De'Anthony Melton,PHI,G,144.3,137.71,-,120.30,174.80,144.38,0.14,,
671,Marvin Bagley,DET,C,154.6,137.74,147.61,138.00,191.20,158.36,0.12,,
632,Kevin Love,CLE,F,140.2,137.91,109.10,136.40,169.90,147.83,0.02,,
645,Kevon Looney,GSW,C,146.2,137.93,-,133.00,190.70,123.21,0.05,,
116,Herbert Jones,NOP,F,120.3,138.10,134.75,90.40,129.90,108.48,0.11,GTD,Ankle
137,Luguentz Dort,OKC,F,136.2,138.12,127.65,141.40,143.80,129.99,0.09,,
637,Jaden McDaniels,MIN,F,144.0,138.22,-,127.80,164.30,145.72,0.20,,
660,Alex Caruso,CHI,G,151.3,138.27,-,124.00,179.70,163.37,0.03,GTD,Ankle
642,Isaiah Hartenstein,NYK,C,145.1,138.29,-,139.70,161.70,140.86,0.31,,
T643,Davion Mitchell,SAC,G,146.0,138.32,154.41,142.70,140.40,154.19,0.02,,
T131,Bones Hyland,DEN,G,129.6,138.33,128.62,129.30,125.40,126.25,0.11,,
640,Tim Hardaway,DAL,G,144.6,138.37,128.50,139.50,152.60,163.85,0.06,,
676,Kentavious Caldwell-Pope,DEN,G,158.4,138.55,160.07,140.30,187.40,165.56,0.02,,
695,Miles Bridges,FA,F,183.3,138.57,138.33,117.80,189.10,332.50,0.09,,
664,Patrick Beverley,LAL,G,152.6,138.84,154.83,137.70,181.20,150.64,0.03,,
745,Blake Griffin,BOS,C,252.0,138.85,-,-,192.00,425.27,0.03,,
663,Bruce Brown,DEN,G,151.9,138.91,-,148.30,165.80,154.78,0.03,,
690,Dennis Schroder,LAL,G,174.2,138.91,137.03,138.90,190.00,265.97,0.03,,
T702,Jose Alvarado,NOP,G,199.2,138.98,-,139.30,191.10,327.44,0.02,,
641,Jonathan Kuminga,GSW,F,144.9,138.98,-,137.50,136.20,167.08,0.05,,
653,Onyeka Okongwu,ATL,C,148.7,139.08,-,123.80,171.10,160.84,0.09,,
836,Shake Milton,PHI,G,327.7,139.09,-,-,-,516.40,0.07,,
T126,James Wiseman,GSW,C,125.7,139.09,123.72,118.50,118.00,129.32,0.02,,
692,Cameron Payne,PHO,G,180.9,139.11,-,139.80,190.50,254.27,0.01,,
699,Derrick Rose,NYK,G,192.6,139.16,153.45,134.80,190.90,344.73,0.02,,
133,Isaiah Jackson,IND,C,129.7,139.24,-,122.00,144.80,112.61,0.10,,
140,Reggie Jackson,LAC,G,137.9,139.27,142.88,142.40,138.50,126.47,0.03,,
708,Grayson Allen,MIL,G,204.0,139.33,-,140.20,191.90,344.43,0.06,,
700,Marcus Morris,LAC,F,192.9,139.37,-,138.20,191.60,302.43,0.01,OUT,Illness
828,Thaddeus Young,TOR,F,318.2,139.37,-,-,-,497.10,0.01,,
677,Trey Murphy,NOP,F,158.7,139.40,-,137.60,186.70,170.90,0.03,,
135,Isaiah Stewart,DET,C,134.6,139.41,143.06,120.80,151.80,117.83,0.01,,
666,Mason Plumlee,CHA,C,154.0,139.41,144.42,140.30,186.20,159.45,0.02,,
758,Austin Reaves,LAL,G,262.6,139.42,-,-,191.50,456.85,0.02,,
635,Dorian Finney-Smith,DAL,F,142.4,139.43,145.24,130.10,151.60,145.56,0.01,,
636,Mo Bamba,ORL,C,143.2,139.43,150.88,113.10,157.70,155.02,0.01,,
144,Dwight Howard,FA,C,139.5,139.49,-,-,-,-,0.01,,
771,Carmelo Anthony,FA,F,280.0,139.51,-,-,-,420.50,0.04,,
803,Justin Holiday,ATL,F,299.8,139.52,-,-,-,460.00,0.01,,
683,Grant Williams,BOS,F,161.6,139.52,-,139.50,191.30,175.95,0.08,,
670,Montrezl Harrell,PHI,C,154.5,139.53,148.85,138.30,180.40,165.37,0.02,,
732,Killian Hayes,DET,G,233.6,139.54,-,-,191.40,369.73,0.03,,
136,Tari Eason,HOU,F,134.9,139.57,138.14,140.70,118.40,137.44,0.09,,
T126,Cameron Johnson,PHO,F,125.7,139.58,125.29,123.50,124.40,115.83,0.08,OUT,Knee
T769,Thanasis Antetokounmpo,MIL,F,279.2,139.59,-,-,192.00,505.90,0.05,,
647,Obi Toppin,NYK,F,147.1,139.60,143.86,138.50,146.50,167.02,0.00,,
654,Walker Kessler,UTA,C,149.3,139.62,148.42,141.10,186.20,131.02,0.02,,
802,Payton Pritchard,BOS,G,298.9,139.62,-,-,-,458.18,-1,,
726,Patty Mills,BKN,G,228.0,139.65,-,138.60,191.70,442.13,0.00,,
665,JaVale McGee,DAL,C,153.8,139.66,-,136.50,189.20,149.69,0.03,,
T658,Aleksej Pokusevski,OKC,F,151.2,139.66,147.12,140.00,180.00,148.97,0.02,,
146,Yuta Watanabe,BKN,F,139.7,139.68,-,-,-,-,0.00,OUT,Hamstring
698,Joe Harris,BKN,G,186.9,139.68,150.52,140.50,190.80,313.14,0.02,,
806,DeMarcus Cousins,FA,C,301.1,139.69,-,-,-,462.47,0.01,,
712,Nikola Jovic,MIA,F,207.5,139.69,147.02,-,188.40,354.70,0.00,,
672,Thomas Bryant,LAL,C,155.8,139.71,149.14,140.70,188.90,160.54,0.01,,
145,Norman Powell,LAC,G,139.6,139.72,133.78,128.40,158.50,137.83,0.03,OUT,Groin
706,P.J. Tucker,PHI,F,201.5,139.72,-,135.40,191.40,339.40,0.00,,
720,Coby White,CHI,G,219.2,139.74,-,141.50,191.50,404.20,0.00,,
138,De'Andre Hunter,ATL,F,137.0,139.74,129.56,136.70,121.80,157.42,0.01,OUT,Hip
829,Boban Marjanovic,HOU,C,318.7,139.75,-,-,-,497.63,-1,,
728,Pat Connaughton,MIL,G,229.7,139.75,-,136.40,191.80,450.70,0.01,,
T655,Markelle Fultz,ORL,G,150.3,139.76,134.51,143.30,154.40,179.33,0.00,,
723,Donte DiVincenzo,GSW,G,222.0,139.76,-,139.90,191.10,417.04,0.00,,
T704,Devonte' Graham,NOP,G,200.4,139.78,155.97,139.50,171.80,394.95,-1,GTD,Toe
886,JaMychal Green,GSW,F,370.7,139.78,-,-,-,601.70,-1,,
749,DeAndre Jordan,DEN,C,255.2,139.79,-,-,191.70,434.04,0.02,,
667,Kendrick Nunn,LAL,G,154.2,139.79,137.88,140.90,183.40,168.87,-1,,
729,Ziaire Williams,MEM,F,230.9,139.80,-,-,191.60,361.35,0.01,GTD,Knee
T131,Chet Holmgren,OKC,F,129.6,139.80,-,119.40,-,-,-1,OFS,Foot
833,Tacko Fall,FA,C,325.0,139.80,-,-,-,510.17,0.02,,
772,Cedi Osman,CLE,F,280.2,139.81,-,-,191.90,508.90,0.00,,
722,Zach Collins,SAS,C,220.4,139.81,152.47,-,191.80,397.35,-1,,
776,Dwight Powell,DAL,C,283.6,139.81,-,-,-,427.36,-1,,
678,Talen Horton-Tucker,UTA,F,158.9,139.81,-,-,173.20,163.76,-1,,
693,Caleb Martin,MIA,F,181.5,139.81,-,-,191.30,213.51,0.03,,
914,Damion Lee,PHO,G,403.9,139.81,-,-,-,667.90,-1,,
862,Georges Niang,PHI,F,351.0,139.82,-,-,-,562.20,-1,GTD,Foot
T704,Jae Crowder,PHO,F,200.4,139.82,-,136.30,191.80,333.62,-1,OUT,Not Injury Related
T876,Sam Hauser,BOS,F,362.8,139.82,-,-,-,585.70,0.00,,
890,Troy Brown,LAL,F,372.3,139.82,-,-,-,604.70,-1,,
768,Rudy Gay,UTA,F,274.6,139.83,-,-,191.70,492.27,-1,,
141,Jae'Sean Tate,HOU,F,138.6,139.83,117.47,142.00,141.50,151.97,0.02,GTD,Ankle
680,Jonathan Isaac,ORL,F,159.8,139.83,144.15,141.60,181.20,192.03,0.01,OUT,Knee
733,Terance Mann,LAC,G,237.3,139.83,-,-,191.90,380.13,0.01,,
774,Kenyon Martin,HOU,F,281.7,139.83,-,-,191.80,513.60,0.02,,
691,Tyus Jones,MEM,G,174.8,139.83,-,140.60,182.50,236.11,0.01,,
T702,Shaedon Sharpe,POR,G,199.2,139.84,156.43,138.70,189.60,371.29,0.01,,
870,Jevon Carter,MIL,G,357.6,139.84,-,-,-,575.27,0.01,,
T655,Evan Fournier,NYK,G,150.3,139.85,140.31,136.60,164.20,170.70,0.05,,
T754,Kemba Walker,DAL,G,260.2,139.85,-,-,191.90,448.71,0.00,,
T779,Andre Iguodala,GSW,F,284.3,139.85,-,-,-,428.84,0.00,OUT,Hip
648,Victor Oladipo,MIA,G,147.2,139.85,144.65,140.00,166.00,145.25,0.00,,
880,AJ Griffin,ATL,F,364.8,139.85,-,-,-,589.70,0.04,,
T876,Dennis Smith,CHA,G,362.8,139.85,-,-,-,585.70,0.01,OUT,Ankle
725,Eric Gordon,HOU,G,227.6,139.85,160.63,-,191.60,418.15,0.00,,
T793,Jeff Green,DEN,F,293.5,139.85,-,-,-,447.21,-1,,
872,Luke Kornet,BOS,C,359.0,139.86,-,-,-,578.20,0.02,,
752,Isaac Okoro,CLE,F,259.0,139.86,-,-,192.00,445.21,-1,,
689,Matisse Thybulle,PHI,F,171.8,139.86,-,139.50,191.30,216.44,0.00,,
930,Ty Jerome,GSW,G,418.9,139.86,-,-,-,697.90,-1,,
688,Kyle Anderson,MIN,F,170.2,139.87,-,138.80,184.50,217.54,0.01,,
822,Terrence Ross,ORL,F,313.2,139.87,-,-,-,486.50,-1,,
826,Justise Winslow,POR,F,317.2,139.87,-,-,-,494.60,-1,,
753,Moses Moody,GSW,G,259.3,139.87,-,-,191.60,446.37,-1,,
713,T.J. Warren,BKN,F,208.3,139.87,153.71,-,187.70,351.98,0.01,,
819,Dean Wade,CLE,F,310.2,139.87,-,-,-,480.60,0.00,OUT,Shoulder
917,Wenyen Gabriel,LAL,F,406.9,139.87,-,-,-,673.90,-1,OUT,Shoulder
T777,Nicolas Batum,LAC,F,284.1,139.87,-,-,-,428.27,0.00,,
684,Danilo Gallinari,BOS,F,165.9,139.88,-,-,192.00,-,-1,OUT,Knee
T147,Isaiah Thomas,FA,G,139.9,139.88,-,-,-,-,-1,,
795,James Bouknight,CHA,G,296.2,139.88,-,-,191.90,556.70,-1,,
789,Otto Porter,TOR,F,291.5,139.88,-,-,-,443.14,0.00,OUT,Toe
852,Danny Green,MEM,G,341.9,139.88,-,-,191.90,693.90,-1,OUT,Knee
681,Daniel Gafford,WAS,C,160.6,139.89,-,143.70,191.40,167.24,0.00,,
854,Robin Lopez,CLE,C,342.8,139.89,-,-,-,545.70,0.27,,
823,Gary Harris,ORL,G,314.0,139.89,-,-,191.90,610.20,0.00,OUT,Hamstring
839,Torrey Craig,PHO,F,330.6,139.89,-,-,-,521.27,-1,GTD,Groin
867,Serge Ibaka,MIL,C,355.7,139.89,-,-,-,571.60,0.01,GTD,Illness
T816,Joe Ingles,MIL,F,308.6,139.90,-,-,192.00,593.90,0.00,OUT,Knee
782,Juan Toscano-Anderson,LAL,F,286.4,139.90,-,-,-,432.80,0.00,,
812,Jeremy Lamb,FA,G,307.7,139.90,-,-,-,475.50,-1,,
T147,LaMarcus Aldridge,FA,C,139.9,139.90,-,-,-,-,0.00,,
838,Aaron Wiggins,OKC,G,330.4,139.90,-,-,-,520.90,-1,,
707,Damian Jones,LAL,C,201.7,139.90,-,139.00,191.90,336.13,-1,,
756,TyTy Washington,HOU,G,260.5,139.90,-,-,191.80,449.83,-1,,
716,Deni Avdija,WAS,F,213.6,139.91,-,-,171.60,329.40,0.01,,
762,Maxi Kleber,DAL,F,268.6,139.91,-,-,191.80,474.18,-1,,
797,Trendon Watford,POR,F,296.9,139.91,-,-,-,453.81,-1,,
744,Reggie Bullock,DAL,F,251.8,139.91,-,-,191.90,423.52,-1,,
T147,Paul Millsap,FA,F,139.9,139.91,-,-,-,-,-1,,
T842,George Hill,MIL,G,333.1,139.91,-,-,-,526.27,0.00,,
T147,Hassan Whiteside,FA,C,139.9,139.91,-,-,-,-,-1,,
747,Luke Kennard,LAC,G,254.0,139.91,-,-,191.90,430.22,-1,OUT,Calf
741,Josh Christopher,HOU,G,248.5,139.91,-,-,190.90,414.54,-1,,
T147,Dzanan Musa,FA,F,139.9,139.91,-,-,-,-,-1,,
903,Lamar Stevens,CLE,F,393.8,139.91,-,-,-,647.70,-1,,
893,Duane Washington,PHO,G,379.9,139.91,-,-,-,619.90,-1,OUT,Hip
T147,Enes Freedom,FA,C,139.9,139.92,-,-,-,-,-1,,
974,Kostas Antetokounmpo,CHI,F,448.9,139.92,-,-,-,757.80,0.03,,
860,Wesley Matthews,MIL,G,350.4,139.92,-,-,-,560.93,0.00,,
759,Naz Reid,MIN,C,264.5,139.92,-,-,192.00,461.48,-1,,
955,MarJon Beauchamp,MIL,F,433.4,139.92,-,-,-,726.90,0.01,GTD,Illness
796,Moritz Wagner,ORL,C,296.4,139.92,-,-,-,452.90,-1,,
738,Dyson Daniels,NOP,G,242.1,139.92,-,-,187.70,398.80,-1,,
889,Usman Garuba,HOU,F,371.9,139.92,-,-,-,603.90,-1,,
652,Patrick Williams,CHI,F,148.2,139.92,149.71,145.00,155.20,151.26,0.00,,
918,P.J. Dozier,FA,G,407.9,139.92,-,-,-,675.80,-1,,
761,Cam Thomas,BKN,G,267.9,139.93,-,-,191.60,472.27,-1,,
855,Davis Bertans,DAL,F,345.3,139.93,-,-,-,550.70,-1,,
T147,Bryce McGowens,CHA,G,139.9,139.93,-,-,-,-,-1,,
T842,Christian Braun,DEN,G,333.1,139.93,-,-,-,526.27,-1,,
714,Duncan Robinson,MIA,F,209.9,139.93,-,138.00,191.00,370.56,-1,,
T147,Al-Farouq Aminu,FA,F,139.9,139.93,-,-,-,-,-1,,
682,Max Strus,MIA,F,161.3,139.93,-,141.70,190.20,173.28,0.00,,
731,Jaylen Nowell,MIN,G,231.4,139.93,-,-,191.70,362.70,0.00,,
T147,Nate Darling,FA,G,139.9,139.93,-,-,-,-,-1,,
T769,Jaxson Hayes,NOP,C,279.2,139.93,-,-,-,418.51,-1,,
881,Frank Kaminsky,ATL,C,365.4,139.93,-,-,-,590.90,-1,,
T147,McKinley Wright,DAL,G,139.9,139.93,-,-,-,-,-1,GTD,Illness
951,Charles Bassey,SAS,C,430.4,139.93,-,-,-,720.90,-1,,
T848,Noah Vonleh,BOS,C,337.9,139.93,-,-,191.90,681.90,-1,,
799,Dario Saric,PHO,F,297.8,139.93,-,-,-,455.60,-1,,
T147,Luka Mitrovic,FA,F,139.9,139.93,-,-,-,-,-1,,
765,Juancho Hernangomez,TOR,F,272.7,139.93,-,-,-,405.45,-1,OUT,Ankle
827,Jared Butler,FA,G,317.3,139.93,-,-,-,494.70,-1,,
845,Landry Shamet,PHO,G,334.9,139.94,-,-,-,529.90,-1,,
T147,Lance Stephenson,FA,G,139.9,139.94,-,-,-,-,-1,GTD,Knee
T147,Nemanja Bjelica,FA,F,139.9,139.94,-,-,-,-,-1,,
911,Ish Wainright,PHO,F,400.9,139.94,-,-,-,661.90,-1,,
869,R.J. Hampton,ORL,G,356.1,139.94,-,-,-,572.20,0.03,,
T147,Tristan Thompson,FA,C,139.9,139.94,-,-,-,-,-1,,
T147,Stephen Zimmerman,FA,C,139.9,139.94,-,-,-,-,-1,,
633,Will Barton,WAS,F,141.5,139.94,117.34,146.00,153.10,151.34,0.00,,
T147,Lou Williams,FA,G,139.9,139.94,-,-,-,-,-1,,
T147,J.J. O'Brien,FA,F,139.9,139.94,-,-,-,-,-1,,
894,Raul Neto,CLE,G,380.1,139.94,-,-,-,620.20,-1,,
T147,Matteo Spagnolo,FA,G,139.9,139.94,-,-,-,-,-1,,
805,Gabe Vincent,MIA,G,300.7,139.94,-,-,-,461.49,-1,OUT,Knee
734,Ricky Rubio,CLE,G,237.6,139.95,-,-,191.80,381.12,-1,OUT,Knee
736,Doug McDermott,SAS,F,239.4,139.95,156.43,-,192.00,469.30,-1,GTD,Ankle
T166,Justin Jackson,BOS,F,140.0,139.95,-,-,-,-,-1,,
T166,Anthony Brown,FA,F,140.0,139.95,-,-,-,-,-1,,
T166,Matthew Dellavedova,SAC,G,140.0,139.95,-,-,-,-,-1,,
944,Josh Jackson,FA,F,426.4,139.95,-,-,-,712.90,-1,,
T166,Sharife Cooper,FA,G,140.0,139.95,-,-,-,-,-1,,
T166,Sean McDermott,FA,F,140.0,139.95,-,-,-,-,-1,,
891,Naji Marshall,NOP,F,373.4,139.95,-,-,-,606.90,-1,,
785,Goga Bitadze,IND,C,289.1,139.95,-,-,-,438.20,-1,,
878,Aaron Nesmith,IND,F,364.1,139.95,-,-,-,588.20,-1,,
924,James Johnson,IND,F,414.4,139.95,-,-,-,688.80,-1,GTD,Elbow
T166,Rakeem Christmas,FA,F,140.0,139.95,-,-,-,-,-1,,
809,Bismack Biyombo,PHO,C,304.0,139.95,-,-,-,467.95,-1,,
T166,Michael Carter-Williams,FA,G,140.0,139.95,-,-,-,-,-1,,
T166,Rajon Rondo,FA,G,140.0,139.95,-,-,-,-,-1,,
811,Delon Wright,WAS,G,306.2,139.95,-,-,-,472.43,0.01,OUT,Hamstring
932,Max Christie,LAL,G,419.4,139.95,-,-,-,698.90,-1,,
825,Jock Landale,PHO,C,315.4,139.95,-,-,-,490.90,-1,,
T779,Nick Richards,CHA,C,284.3,139.95,-,-,-,428.68,-1,,
920,Theo Maledon,CHA,G,411.4,139.95,-,-,-,682.90,-1,,
868,Kessler Edwards,BKN,F,355.8,139.95,-,-,-,571.70,-1,,
T166,Josh Hall,FA,F,140.0,139.95,-,-,-,-,0.00,,
786,Willy Hernangomez,NOP,C,290.4,139.95,-,-,-,440.93,-1,,
T166,Duje Dukan,FA,F,140.0,139.95,-,-,-,-,-1,,
T166,Antonio Blakeney,FA,G,140.0,139.96,-,-,-,-,-1,,
897,Kai Jones,CHA,C,381.9,139.96,-,-,-,623.90,-1,,
T166,Kris Dunn,FA,G,140.0,139.96,-,-,-,-,-1,OUT,Illness
T166,Luka Garza,MIN,C,140.0,139.96,-,-,-,-,-1,,
882,Furkan Korkmaz,PHI,G,366.1,139.96,-,-,-,592.20,-1,,
938,Vlatko Cancar,DEN,F,422.4,139.96,-,-,-,704.90,0.00,,
T166,Zoran Dragic,FA,G,140.0,139.96,-,-,-,-,-1,,
832,Zeke Nnaji,DEN,F,324.8,139.96,-,-,-,509.70,-1,,
775,Jordan McLaughlin,MIN,G,282.9,139.96,-,-,191.60,517.15,-1,,
900,Davon Reed,DEN,G,388.4,139.96,-,-,-,636.90,-1,,
T166,Jarrett Culver,ATL,F,140.0,139.96,-,-,-,-,-1,,
T864,Keon Johnson,POR,G,353.8,139.96,-,-,-,567.60,-1,GTD,Hip
750,Jalen Johnson,ATL,F,256.0,139.96,-,-,191.90,436.14,-1,,
T166,Mike Scott,FA,F,140.0,139.96,-,-,-,-,-1,,
T166,Alex Kirk,FA,C,140.0,139.96,-,-,-,-,-1,,
T166,Luke Travers,FA,G,140.0,139.96,-,-,-,-,-1,,
896,Derrick Favors,FA,C,381.3,139.96,-,-,-,622.70,-1,,
970,Eric Bledsoe,FA,G,445.4,139.96,-,-,-,750.80,0.00,,
T166,D.J. Wilson,FA,C,140.0,139.96,-,-,-,-,-1,,
T166,Tremont Waters,FA,G,140.0,139.96,-,-,-,-,-1,,
885,Haywood Highsmith,MIA,F,369.6,139.96,-,-,-,599.20,-1,,
804,Cam Reddish,NYK,F,300.5,139.96,-,-,191.90,569.70,0.01,,
T166,Justin James,FA,G,140.0,139.96,-,-,-,-,-1,OUT,Ankle
856,Jericho Sims,NYK,C,345.4,139.96,-,-,-,550.90,0.02,,
T166,Ersan Ilyasova,FA,F,140.0,139.96,-,-,-,-,-1,,
T658,Jalen Duren,DET,C,151.2,139.96,140.53,139.80,173.10,162.68,0.01,,
T166,Killian Tillie,FA,F,140.0,139.96,-,-,-,-,-1,,
922,Maurice Harkless,FA,F,413.4,139.96,-,-,-,686.90,-1,,
T166,Jay Scrubb,FA,G,140.0,139.96,-,-,-,-,-1,,
814,Mamadi Diakite,CLE,F,307.9,139.96,-,-,-,475.80,-1,,
T166,Jacob Wiley,FA,F,140.0,139.96,-,-,-,-,-1,,
945,Dylan Windler,CLE,G,426.9,139.96,-,-,-,713.90,-1,OUT,Ankle
943,Garrett Temple,NOP,G,425.9,139.96,-,-,-,711.90,-1,,
792,Hamidou Diallo,DET,G,293.2,139.96,-,-,192.00,547.60,-1,,
T166,Chris Silva,FA,C,140.0,139.96,-,-,-,-,-1,,
844,Chimezie Metu,SAC,C,333.9,139.96,-,-,-,527.93,-1,,
T166,Anthony Lamb,GSW,F,140.0,139.96,-,-,-,-,-1,,
T166,Larry Drew,FA,G,140.0,139.96,-,-,-,-,-1,,
T166,Rade Zagorac,FA,F,140.0,139.96,-,-,-,-,-1,,
851,Markieff Morris,BKN,F,340.1,139.96,-,-,-,540.27,-1,,
697,Mark Williams,CHA,C,186.4,139.96,-,-,149.10,270.05,-1,OUT,Ankle
751,Larry Nance,NOP,F,257.7,139.97,-,-,191.70,441.50,0.00,,
T166,Isaac Bonga,FA,F,140.0,139.97,-,-,-,-,0.00,,
T166,Brad Wanamaker,FA,G,140.0,139.97,-,-,-,-,-1,,
884,Kenrich Williams,OKC,F,368.3,139.97,-,-,-,596.70,-1,OUT,Knee
T166,Moses Wright,FA,C,140.0,139.97,-,-,-,-,-1,,
T166,DeAndre Daniels,FA,F,140.0,139.97,-,-,-,-,-1,,
T166,Marcus Georges-Hunt,FA,F,140.0,139.97,-,-,-,-,-1,,
T166,Quinndary Weatherspoon,FA,G,140.0,139.97,-,-,-,-,0.18,,
966,Isaiah Mobley,CLE,C,443.4,139.97,-,-,-,746.90,0.00,,
T166,David Duke,BKN,G,140.0,139.97,-,-,-,-,-1,,
T166,Arnoldas Kulboka,FA,F,140.0,139.97,-,-,-,-,-1,,
T166,Mitchell Watt,FA,F,140.0,139.97,-,-,-,-,-1,,
808,John Konchar,MEM,G,302.4,139.97,-,-,191.90,575.20,-1,,
T166,Juwan Morgan,FA,F,140.0,139.97,-,-,-,-,-1,,
T166,Petr Cornelie,FA,F,140.0,139.97,-,-,-,-,-1,,
T166,Ryan Rollins,GSW,G,140.0,139.97,-,-,-,-,-1,,
887,Garrison Mathews,HOU,G,370.8,139.97,-,-,-,601.70,-1,,
T166,Xavier Sneed,FA,F,140.0,139.97,-,-,-,-,-1,,
942,Edmond Sumner,BKN,G,425.4,139.97,-,-,-,710.90,-1,GTD,Upper Leg
T166,Jonathon Simmons,FA,G,140.0,139.97,-,-,-,-,-1,,
T166,Antonius Cleveland,FA,G,140.0,139.97,-,-,-,-,-1,,
T166,Tyrell Terry,FA,G,140.0,139.97,-,-,-,-,-1,,
T166,Shaquille Harrison,FA,G,140.0,139.97,-,-,-,-,-1,,
T166,Louis Labeyrie,FA,F,140.0,139.97,-,-,-,-,-1,,
T166,Brian Bowen,FA,F,140.0,139.97,-,-,-,-,-1,,
T166,Robert Woodard,FA,G,140.0,139.97,-,-,-,-,-1,GTD,Undisclosed
757,Josh Richardson,SAS,G,261.1,139.97,-,-,191.90,451.37,-1,GTD,Ankle
801,Ish Smith,DEN,G,298.7,139.97,-,-,191.90,564.20,-1,,
T166,Jordan Goodwin,WAS,G,140.0,139.97,-,-,-,-,-1,,
T166,D.J. Stephens,FA,F,140.0,139.97,-,-,-,-,-1,,
901,Kira Lewis,NOP,G,388.9,139.97,-,-,-,637.90,0.01,,
937,Patrick Baldwin,GSW,F,421.9,139.97,-,-,-,703.90,-1,,
T166,Marcus Paige,FA,G,140.0,139.97,-,-,-,-,-1,,
T166,Tomas Satoransky,FA,G,140.0,139.97,-,-,-,-,-1,,
T166,Kendall Brown,IND,F,140.0,139.97,-,-,-,-,-1,,
T166,Jon Teske,FA,C,140.0,139.97,-,-,-,-,-1,,
T166,Sekou Doumbouya,FA,F,140.0,139.97,-,-,-,-,-1,,
T166,Marcus Derrickson,FA,F,140.0,139.97,-,-,-,-,-1,,
T166,Semaj Christon,FA,G,140.0,139.97,-,-,-,-,-1,,
T166,Yves Pons,FA,F,140.0,139.97,-,-,-,-,0.00,,
T166,Cristiano Felicio,FA,C,140.0,139.97,-,-,-,-,-1,,
T166,Walter Lemon,FA,G,140.0,139.97,-,-,-,-,0.02,,
T166,Tyrone Wallace,FA,G,140.0,139.97,-,-,-,-,-1,,
T166,Quinn Cook,FA,G,140.0,139.97,-,-,-,-,-1,,
T166,Thon Maker,FA,C,140.0,139.97,-,-,-,-,-1,,
T166,Cliff Alexander,FA,F,140.0,139.97,-,-,-,-,-1,,
T166,Cat Barber,FA,G,140.0,139.97,-,-,-,-,0.00,OUT,Undisclosed
T777,Jordan Nwora,MIL,F,284.1,139.97,-,-,191.80,520.40,0.01,,
T166,Karim Mane,FA,G,140.0,139.97,-,-,-,-,-1,,
T166,Dante Exum,FA,G,140.0,139.97,-,-,-,-,-1,,
T166,Isaiah Briscoe,FA,G,140.0,139.97,-,-,-,-,-1,,
T166,Vit Krejci,ATL,G,140.0,139.97,-,-,-,-,-1,,
T166,Jordan Bone,FA,G,140.0,139.97,-,-,-,-,-1,GTD,Illness
T166,RJ Nembhard,FA,G,140.0,139.97,-,-,-,-,-1,,
T166,Kyle Guy,FA,G,140.0,139.97,-,-,-,-,-1,,
T166,Malik Newman,FA,G,140.0,139.97,-,-,-,-,-1,OUT,Undisclosed
T166,Eric Mika,FA,C,140.0,139.97,-,-,-,-,-1,,
T166,Nicolas Brussino,FA,F,140.0,139.98,-,-,-,-,-1,,
T166,Marques Bolden,FA,C,140.0,139.98,-,-,-,-,-1,GTD,Shoulder
T166,JaQuori McLaughlin,FA,G,140.0,139.98,-,-,-,-,-1,,
947,Caleb Houstan,ORL,F,427.9,139.98,-,-,-,715.90,-1,,
T166,Rawle Alkins,FA,G,140.0,139.98,-,-,-,-,-1,,
T166,Alize Johnson,SAS,F,140.0,139.98,-,-,-,-,-1,,
841,Alex Len,SAC,C,331.6,139.98,-,-,-,523.20,-1,,
T166,Jorge Gutierrez,FA,G,140.0,139.98,-,-,-,-,-1,,
T166,Bryce Cotton,FA,G,140.0,139.98,-,-,-,-,-1,,
T166,Sheldon Mac,FA,G,140.0,139.98,-,-,-,-,-1,,
850,Terry Taylor,IND,F,338.6,139.98,-,-,192.00,683.90,-1,,
T166,Matt Thomas,FA,G,140.0,139.98,-,-,-,-,-1,,
T166,Paul Zipser,FA,F,140.0,139.98,-,-,-,-,-1,,
859,Andrew Nembhard,IND,G,349.1,139.98,-,-,-,558.27,-1,,
748,Javonte Green,CHI,F,255.1,139.98,-,-,192.00,433.33,0.00,GTD,Knee
735,Jalen McDaniels,CHA,F,239.2,139.98,-,-,191.90,385.76,-1,,
T166,Didi Louzada,FA,G,140.0,139.98,-,-,-,-,-1,,
T166,Cam Reynolds,FA,F,140.0,139.98,-,-,-,-,-1,,
T166,Jaylen Hands,FA,G,140.0,139.98,-,-,-,-,0.01,,
T166,Alec Brown,FA,C,140.0,139.98,-,-,-,-,-1,,
T166,Jabari Brown,FA,G,140.0,139.98,-,-,-,-,-1,,
T166,Marcus Eriksson,FA,G,140.0,139.98,-,-,-,-,-1,,
T166,Nicolas Laprovittola,FA,G,140.0,139.98,-,-,-,-,-1,,
T166,Georgios Papagiannis,FA,C,140.0,139.98,-,-,-,-,-1,,
T166,Jamil Wilson,FA,F,140.0,139.98,-,-,-,-,-1,,
T166,Zach Norvell,FA,G,140.0,139.98,-,-,-,-,-1,,
T166,Mangok Mathiang,FA,C,140.0,139.98,-,-,-,-,-1,,
T166,Joel Bolomboy,FA,F,140.0,139.98,-,-,-,-,-1,,
T166,Branden Dawson,FA,F,140.0,139.98,-,-,-,-,-1,,
895,Josh Okogie,PHO,F,380.4,139.98,-,-,-,620.90,0.00,,
968,Deng Adel,FA,F,443.9,139.98,-,-,-,747.80,-1,,
T166,Jarron Cumberland,FA,G,140.0,139.98,-,-,-,-,-1,OUT,Personal
T166,Willie Cauley-Stein,FA,C,140.0,139.98,-,-,-,-,-1,,
T166,London Perrantes,FA,G,140.0,139.98,-,-,-,-,-1,,
874,Sterling Brown,FA,G,360.8,139.98,-,-,-,581.70,-1,,
T166,Jordan Bell,FA,C,140.0,139.98,-,-,-,-,-1,,
T166,A.J. Hammons,FA,C,140.0,139.98,-,-,-,-,-1,,
847,Cody Zeller,FA,C,336.1,139.98,-,-,-,532.20,-1,,
T166,Lorenzo Brown,FA,G,140.0,139.98,-,-,-,-,-1,,
T166,Ed Davis,FA,C,140.0,139.98,-,-,-,-,-1,,
T166,Brandon Goodwin,FA,G,140.0,139.98,-,-,-,-,-1,,
T166,Nicolo Melli,FA,F,140.0,139.98,-,-,-,-,-1,,
T754,Johnny Davis,WAS,G,260.2,139.98,-,-,190.60,449.92,-1,GTD,Covid-19
T166,D.J. Augustin,FA,G,140.0,139.98,-,-,-,-,-1,,
T166,Nico Mannion,FA,G,140.0,139.98,-,-,-,-,-1,,
T166,Devon Hall,FA,G,140.0,139.98,-,-,-,-,-1,,
T166,Issuf Sanon,FA,G,140.0,139.98,-,-,-,-,-1,,
T166,Johnathan Williams,FA,C,140.0,139.98,-,-,-,-,-1,,
T166,Josh Gray,FA,G,140.0,139.98,-,-,-,-,-1,,
T166,James Webb,FA,F,140.0,139.98,-,-,-,-,-1,,
T166,Georgios Kalaitzakis,FA,G,140.0,139.98,-,-,-,-,-1,,
T166,Brandon Williams,FA,G,140.0,139.98,-,-,-,-,0.00,,
763,Omer Yurtseven,MIA,C,269.7,139.98,-,-,-,399.36,-1,OUT,Ankle
783,Dewayne Dedmon,MIA,C,287.1,139.98,-,-,-,434.25,0.00,OUT,Foot
T166,Briante Weber,FA,G,140.0,139.98,-,-,-,-,-1,,
T166,Alan Williams,FA,C,140.0,139.98,-,-,-,-,-1,,
T166,Mike James,FA,G,140.0,139.98,-,-,-,-,0.00,,
898,Austin Rivers,MIN,G,383.8,139.98,-,-,-,627.70,-1,,
784,Ousmane Dieng,OKC,F,288.7,139.98,-,-,191.50,534.70,-1,,
T166,Donta Hall,FA,F,140.0,139.98,-,-,-,-,-1,,
742,Drew Eubanks,POR,C,249.3,139.98,-,-,-,358.66,-1,,
T166,Jared Harper,FA,G,140.0,139.98,-,-,-,-,-1,,
T166,Jabari Parker,FA,F,140.0,139.98,-,-,-,-,-1,,
T166,Alec Peters,FA,F,140.0,139.98,-,-,-,-,-1,,
T166,Zhou Qi,FA,F,140.0,139.98,-,-,-,-,0.01,,
679,Richaun Holmes,SAC,C,159.6,139.98,-,132.70,191.70,173.98,-1,,
T166,Paul Watson,FA,F,140.0,139.98,-,-,-,-,-1,,
800,Jaden Hardy,DAL,G,298.0,139.98,-,-,191.80,562.27,-1,,
T166,Balsa Koprivica,FA,C,140.0,139.98,-,-,-,-,-1,,
837,Jabari Walker,POR,F,327.8,139.98,-,-,-,515.60,-1,,
T166,Gabriel Deck,FA,F,140.0,139.98,-,-,-,-,-1,,
T166,Carsen Edwards,FA,G,140.0,139.98,-,-,-,-,-1,,
T166,Tim Frazier,FA,G,140.0,139.98,-,-,-,-,-1,,
T166,Brice Johnson,FA,F,140.0,139.98,-,-,-,-,-1,,
858,Facundo Campazzo,FA,G,347.6,139.98,-,-,-,555.27,-1,,
T166,Tyler Davis,FA,C,140.0,139.98,-,-,-,-,-1,,
948,Vernon Carey,WAS,C,428.9,139.98,-,-,-,717.90,-1,OUT,Illness
813,Dalano Banton,TOR,G,307.8,139.98,-,-,-,475.55,-1,,
T816,Simone Fontecchio,UTA,F,308.6,139.98,-,-,-,477.26,-1,,
T166,Alex Poythress,FA,F,140.0,139.98,-,-,-,-,-1,,
T166,Greg Whittington,FA,F,140.0,139.98,-,-,-,-,-1,,
906,Christian Koloko,TOR,C,395.9,139.98,-,-,-,651.90,0.00,,
T166,Jerome Robinson,FA,G,140.0,139.98,-,-,-,-,-1,,
696,Oshae Brissett,IND,F,183.6,139.98,-,-,190.80,220.04,-1,,
T166,Filip Petrusev,FA,F,140.0,139.98,-,-,-,-,-1,,
923,Nathan Knight,MIN,C,413.9,139.98,-,-,-,687.90,-1,,
T166,Reggie Perry,FA,F,140.0,139.98,-,-,-,-,-1,,
T166,Jamorko Pickett,FA,F,140.0,139.98,-,-,-,-,-1,,
T166,Damien Inglis,FA,F,140.0,139.98,-,-,-,-,-1,,
T166,Sergey Karasev,FA,G,140.0,139.98,-,-,-,-,-1,,
T166,Darius Miller,FA,F,140.0,139.98,-,-,-,-,-1,,
T166,Matt Costello,FA,F,140.0,139.98,-,-,-,-,0.00,,
T166,Justin Wright-Foreman,FA,G,140.0,139.98,-,-,-,-,-1,,
888,Mfiondu Kabengele,BOS,C,371.1,139.98,-,-,-,602.20,-1,,
T166,Rayjon Tucker,FA,G,140.0,139.98,-,-,-,-,-1,,
T166,J.P. Macura,FA,G,140.0,139.98,-,-,-,-,-1,,
T166,Dee Bost,FA,G,140.0,139.98,-,-,-,-,-1,,
939,Gorgui Dieng,SAS,C,422.9,139.98,-,-,-,705.90,-1,,
T166,Jeff Dowtin,TOR,G,140.0,139.98,-,-,-,-,-1,,
921,Anthony Gill,WAS,F,412.9,139.98,-,-,-,685.90,-1,,
T790,Chris Chiozza,FA,G,292.0,139.98,-,-,-,444.06,-1,,
T166,Will Magnay,FA,C,140.0,139.98,-,-,-,-,-1,,
T166,Chris Clemons,FA,G,140.0,139.98,-,-,-,-,-1,,
T166,Jarnell Stokes,FA,F,140.0,139.98,-,-,-,-,-1,,
T166,Jameel Warney,FA,F,140.0,139.98,-,-,-,-,-1,,
T166,Josh Magette,FA,G,140.0,139.98,-,-,-,-,-1,,
946,Stanley Johnson,FA,F,427.4,139.98,-,-,-,714.90,-1,,
T166,Micah Potter,UTA,C,140.0,139.98,-,-,-,-,-1,,
940,Peyton Watson,DEN,F,423.9,139.98,-,-,-,707.90,-1,,
T166,Keifer Sykes,FA,G,140.0,139.98,-,-,-,-,-1,GTD,Undisclosed
T166,Milton Doyle,FA,G,140.0,139.98,-,-,-,-,-1,,
830,Goran Dragic,CHI,G,319.9,139.98,-,-,-,499.90,0.01,,
760,Jaylin Williams,OKC,C,267.1,139.98,-,-,191.50,469.92,-1,,
T166,DeVaughn Akoon-Purcell,FA,F,140.0,139.98,-,-,-,-,-1,,
T166,Trevor Ariza,FA,F,140.0,139.98,-,-,-,-,-1,,
T166,Malcolm Delaney,FA,G,140.0,139.98,-,-,-,-,-1,,
730,Nickeil Alexander-Walker,UTA,G,231.2,139.98,-,-,191.60,361.97,-1,,
T166,Trevon Bluiett,FA,F,140.0,139.98,-,-,-,-,-1,,
T166,Allonzo Trier,FA,G,140.0,139.98,-,-,-,-,-1,,
T166,Yam Madar,FA,G,140.0,139.98,-,-,-,-,-1,,
824,JT Thor,CHA,F,315.3,139.98,-,-,-,490.57,-1,,
T166,Harry Giles,FA,C,140.0,139.98,-,-,-,-,-1,OFS,Undisclosed
857,Malaki Branham,SAS,G,345.6,139.98,-,-,-,551.27,-1,,
T166,Thomas Welsh,FA,C,140.0,139.98,-,-,-,-,-1,,
T166,Phil Pressey,FA,G,140.0,139.98,-,-,-,-,-1,,
T166,Vander Blue,FA,G,140.0,139.98,-,-,-,-,-1,,
T166,JaKarr Sampson,FA,F,140.0,139.98,-,-,-,-,-1,,
T166,Rodney Hood,FA,G,140.0,139.98,-,-,-,-,-1,,
879,David Roddy,MEM,F,364.4,139.98,-,-,-,588.90,-1,,
T166,Ty-Shon Alexander,FA,G,140.0,139.98,-,-,-,-,-1,GTD,Sprain
694,Jeremy Sochan,SAS,F,183.0,139.98,-,-,168.30,240.62,-1,GTD,Quadriceps
T166,Chris Johnson,FA,F,140.0,139.98,-,-,-,-,-1,,
T166,Aron Baynes,FA,C,140.0,139.98,-,-,-,-,0.01,,
T166,Cady Lalanne,FA,C,140.0,139.98,-,-,-,-,-1,,
T166,Dakota Mathias,FA,G,140.0,139.98,-,-,-,-,-1,,
831,Corey Kispert,WAS,G,323.2,139.98,-,-,-,506.50,-1,,
T166,Mindaugas Kuzminskas,FA,F,140.0,139.98,-,-,-,-,-1,,
T166,Brandon Knight,FA,G,140.0,139.98,-,-,-,-,-1,,
T166,Avery Bradley,FA,G,140.0,139.98,-,-,-,-,-1,,
T166,Jontay Porter,FA,F,140.0,139.98,-,-,-,-,0.00,,
949,Jason Preston,LAC,G,429.4,139.98,-,-,-,718.90,-1,,
661,Joshua Primo,FA,G,151.4,139.98,156.20,-,134.30,175.01,0.06,,
T166,Scottie Lewis,FA,G,140.0,139.98,-,-,-,-,-1,OUT,Leg
T790,Nate Hinton,FA,F,292.0,139.98,-,-,-,444.10,-1,,
929,Saben Lee,PHI,G,418.4,139.99,-,-,-,696.90,-1,,
T166,Diamond Stone,FA,C,140.0,139.99,-,-,-,-,0.00,,
T166,Ron Baker,FA,G,140.0,139.99,-,-,-,-,-1,,
T166,Nate Wolters,FA,G,140.0,139.99,-,-,-,-,-1,,
810,Blake Wesley,SAS,G,305.2,139.99,-,-,-,470.37,-1,OUT,Knee
718,Chuma Okeke,ORL,F,215.4,139.99,-,141.00,-,365.10,-1,OUT,Knee
908,Isaiah Joe,OKC,G,397.1,139.99,-,-,-,654.20,-1,,
T166,Satnam Singh Bhamara,FA,C,140.0,139.99,-,-,-,-,-1,,
T166,Dimitrios Agravanis,FA,F,140.0,139.99,-,-,-,-,-1,,
711,Jeremiah Robinson-Earl,OKC,C,207.4,139.99,-,-,190.20,291.95,0.00,,
883,Daniel Theis,IND,C,366.4,139.99,-,-,-,592.90,-1,OUT,Knee
T166,Zylan Cheatham,FA,F,140.0,139.99,-,-,-,-,0.00,,
T166,Justin Anderson,FA,F,140.0,139.99,-,-,-,-,-1,,
T166,DeAndre' Bembry,FA,F,140.0,139.99,-,-,-,-,-1,OUT,Knee
T166,Denzel Valentine,FA,G,140.0,139.99,-,-,-,-,-1,,
T166,Jake Layman,FA,F,140.0,139.99,-,-,-,-,-1,,
T166,Aaron White,FA,F,140.0,139.99,-,-,-,-,-1,,
T166,Eric Griffin,FA,F,140.0,139.99,-,-,-,-,-1,,
743,Jaylen Hoard,FA,F,250.7,139.99,-,-,191.80,420.40,-1,,
T166,Joel Berry,FA,G,140.0,139.99,-,-,-,-,-1,,
649,Immanuel Quickley,NYK,G,147.6,139.99,144.07,141.40,150.70,161.79,0.00,,
T166,Andrew White,FA,F,140.0,139.99,-,-,-,-,-1,,
T793,Nerlens Noel,DET,C,293.5,139.99,-,-,-,447.04,-1,,
T166,Tyler Ennis,FA,G,140.0,139.99,-,-,-,-,-1,,
T166,Marcus Graves,FA,G,140.0,139.99,-,-,-,-,-1,GTD,Personal
963,Lindy Waters,OKC,F,441.4,139.99,-,-,-,742.90,-1,,
909,Dalen Terry,CHI,G,397.4,139.99,-,-,-,654.90,-1,,
787,Paul Reed,PHI,F,291.0,139.99,-,-,-,441.93,-1,,
T166,Mitch Creek,FA,G,140.0,139.99,-,-,-,-,-1,,
T166,Marcus Zegarowski,FA,G,140.0,139.99,-,-,-,-,-1,,
T166,Shane Larkin,FA,G,140.0,139.99,-,-,-,-,-1,,
835,Mike Muscala,OKC,C,327.6,139.99,-,-,-,515.20,-1,,
T166,Joffrey Lauvergne,FA,F,140.0,139.99,-,-,-,-,-1,,
T166,Kyle Collinsworth,FA,G,140.0,139.99,-,-,-,-,-1,,
781,Jake LaRavia,MEM,F,285.2,139.99,-,-,-,430.33,-1,GTD,Foot
T166,Jay Huff,FA,C,140.0,139.99,-,-,-,-,-1,,
899,KZ Okpala,SAC,F,387.9,139.99,-,-,-,635.90,-1,,
T166,Semi Ojeleye,FA,F,140.0,139.99,-,-,-,-,-1,,
926,Taj Gibson,WAS,C,415.4,139.99,-,-,-,690.90,-1,,
T166,Elfrid Payton,FA,G,140.0,139.99,-,-,-,-,-1,,
T166,Isaia Cordinier,FA,G,140.0,139.99,-,-,-,-,-1,,
T166,Trent Forrest,ATL,G,140.0,139.99,-,-,-,-,-1,OUT,Concussion
687,Gary Payton,POR,G,166.9,139.99,-,143.10,191.90,192.68,-1,GTD,Abdomen
T166,Vince Williams,MEM,F,140.0,139.99,-,-,-,-,-1,,
953,Kennedy Chandler,MEM,G,432.4,139.99,-,-,-,724.90,-1,,
767,JD Davison,BOS,G,273.9,139.99,-,-,-,407.90,-1,,
T166,Jack White,DEN,F,140.0,139.99,-,-,-,-,-1,,
709,Tre Mann,OKC,G,206.3,139.99,-,-,188.40,290.48,-1,,
T166,Luka Samanic,FA,F,140.0,139.99,-,-,-,-,-1,,
807,Mike Tobey,FA,C,302.1,139.99,-,-,-,464.27,-1,,
T166,Cameron Oliver,FA,F,140.0,139.99,-,-,-,-,-1,,
T166,Joe Young,FA,G,140.0,139.99,-,-,-,-,-1,,
737,Day'Ron Sharpe,BKN,C,241.0,139.99,-,-,192.00,391.02,-1,,
952,Isaiah Todd,WAS,F,430.9,139.99,-,-,-,721.90,-1,,
798,Marc Gasol,FA,C,297.2,139.99,-,-,-,454.50,-1,,
T166,Daniel Ochefu,FA,C,140.0,139.99,-,-,-,-,-1,,
T166,Ky Bowman,FA,G,140.0,139.99,-,-,-,-,-1,,
T166,Khyri Thomas,FA,G,140.0,139.99,-,-,-,-,-1,,
T166,Ryan Arcidiacono,NYK,G,140.0,139.99,-,-,-,-,-1,GTD,Ankle
T166,Justin Jackson,FA,F,140.0,139.99,-,-,-,-,-1,OUT,Achilles
T166,Ian Clark,FA,G,140.0,139.99,-,-,-,-,-1,,
T166,E.J. Liddell,NOP,F,140.0,139.99,-,-,-,-,-1,OUT,Knee
T166,Emanuel Terry,FA,C,140.0,139.99,-,-,-,-,-1,,
871,Miles McBride,NYK,G,358.1,139.99,-,-,-,576.27,-1,,
T166,Troy Williams,FA,F,140.0,139.99,-,-,-,-,-1,,
646,Robert Covington,LAC,F,147.0,139.99,-,133.20,180.10,134.65,0.01,,
950,Eric Paschall,FA,F,429.9,139.99,-,-,-,719.90,-1,OUT,Ankle
T166,Omari Spellman,FA,F,140.0,139.99,-,-,-,-,-1,,
685,Marko Simonovic,CHI,C,166.0,139.99,-,-,192.00,-,-1,,
T166,Will Cherry,FA,G,140.0,140.00,-,-,-,-,-1,,
T166,Dru Smith,MIA,G,140.0,140.00,-,-,-,-,-1,,
954,Rodney McGruder,DET,G,433.0,140.00,-,-,-,725.90,-1,,
T848,Xavier Tillman,MEM,F,337.9,140.00,-,-,-,535.70,0.00,,
788,Udoka Azubuike,UTA,C,291.4,140.00,-,-,-,442.81,-1,,
T166,Chris McCullough,FA,F,140.0,140.00,-,-,-,-,-1,,
T166,Lance Thomas,FA,F,140.0,140.00,-,-,-,-,-1,,
T166,Terrance Ferguson,FA,G,140.0,140.00,-,-,-,-,-1,,
916,Danuel House,PHI,F,406.5,140.00,-,-,-,672.90,0.00,,
T166,Arturas Gudaitis,FA,C,140.0,140.00,-,-,-,-,-1,,
T166,Cheick Diallo,FA,F,140.0,140.00,-,-,-,-,-1,,
971,Moussa Diabate,LAC,F,447.0,140.00,-,-,-,753.90,-1,,
905,Aaron Holiday,ATL,G,394.5,140.00,-,-,-,648.90,0.00,,
764,Trey Lyles,SAC,F,271.9,140.00,-,-,-,403.76,-1,,
T166,Isaiah Taylor,FA,G,140.0,140.00,-,-,-,-,-1,,
818,Derrick Jones,CHI,F,309.2,140.00,-,-,192.00,595.70,-1,,
907,Greg Brown,POR,F,397.0,140.00,-,-,-,653.90,-1,,
T166,Leandro Bolmaro,UTA,G,140.0,140.00,-,-,-,-,-1,,
715,Nassir Little,POR,F,212.2,140.00,-,-,191.50,305.03,-1,OUT,Hip
674,Santi Aldama,MEM,F,156.8,140.00,-,140.60,187.40,159.32,0.01,,
T166,RaiQuan Gray,FA,F,140.0,140.00,-,-,-,-,-1,,
T166,Juhann Begarin,FA,G,140.0,140.00,-,-,-,-,-1,,
928,Brandon Boston,LAC,G,416.5,140.00,-,-,-,692.90,-1,,
956,Jaden Springer,PHI,G,434.0,140.00,-,-,-,727.90,-1,,
T166,Joel Ayayi,FA,G,140.0,140.00,-,-,-,-,-1,,
T166,MJ Walker,FA,G,140.0,140.00,-,-,-,-,-1,,
T166,Cameron McGriff,FA,F,140.0,140.00,-,-,-,-,-1,,
T166,Feron Hunt,FA,F,140.0,140.00,-,-,-,-,-1,,
T166,Kevin Pangos,FA,G,140.0,140.00,-,-,-,-,-1,,
T166,Xavier Moon,FA,G,140.0,140.00,-,-,-,-,-1,,
T166,Khalifa Diop,FA,C,140.0,140.00,-,-,-,-,-1,,
T166,Yannick Nzosa,FA,C,140.0,140.00,-,-,-,-,-1,,
933,Josh Minott,MIN,F,420.0,140.00,-,-,-,699.90,-1,,
T166,Hugo Besson,FA,G,140.0,140.00,-,-,-,-,-1,,
821,Wendell Moore,MIN,F,312.5,140.00,-,-,-,484.90,-1,,
T166,Ismael Kamagate,FA,C,140.0,140.00,-,-,-,-,-1,,
T166,Tyrese Martin,ATL,F,140.0,140.00,-,-,-,-,-1,,
T166,Karlo Matkovic,FA,F,140.0,140.00,-,-,-,-,-1,,
T166,Gui Santos,FA,F,140.0,140.00,-,-,-,-,-1,,
T166,Gabriele Procida,FA,F,140.0,140.00,-,-,-,-,-1,,
T166,Devon Dotson,WAS,G,140.0,140.00,-,-,-,-,-1,GTD,Covid-19
T166,David Johnson,FA,G,140.0,140.00,-,-,-,-,-1,OUT,Back
T166,Chasson Randle,FA,G,140.0,140.00,-,-,-,-,-1,GTD,Ankle
T166,Orlando Robinson,FA,C,140.0,140.00,-,-,-,-,-1,,
925,Romeo Langford,SAS,F,415.0,140.00,-,-,-,689.90,-1,GTD,Ankle
T166,Deonte Burton,FA,F,140.0,140.00,-,-,-,-,-1,OUT,Hand
T166,Jalen Harris,FA,G,140.0,140.00,-,-,-,-,-1,OUT,Hand
T166,Solomon Hill,FA,F,140.0,140.00,-,-,-,-,-1,GTD,Hamstring
T166,Trevor Keels,NYK,G,140.0,140.00,-,-,-,-,-1,GTD,Groin
T166,Jemerrio Jones,FA,F,140.0,140.00,-,-,-,-,-1,GTD,Knee
T166,Tony Carr,FA,G,140.0,140.00,-,-,-,-,-1,GTD,Knee
T166,Ray Spalding,FA,F,140.0,140.00,-,-,-,-,-1,OUT,Knee
T166,Abdel Nader,FA,F,140.0,140.00,-,-,-,-,-1,GTD,Knee
T166,E'Twaun Moore,FA,G,140.0,140.00,-,-,-,-,-1,GTD,Knee
T166,Wes Iwundu,FA,F,140.0,140.00,-,-,-,-,-1,GTD,Illness
T166,Joe Wieskamp,FA,F,140.0,140.00,-,-,-,-,0.00,GTD,Illness
T166,Meyers Leonard,FA,C,140.0,140.00,-,-,-,-,0.00,GTD,Shoulder
740,Isaiah Livers,DET,F,246.7,140.00,-,-,-,353.47,-1,OUT,Shoulder
969,Olivier Sarr,FA,C,444.5,140.00,-,-,-,748.90,-1,OUT,Wrist
T166,Elijah Hughes,FA,F,140.0,140.00,-,-,-,-,-1,,
T166,Jahmi'us Ramsey,FA,G,140.0,140.00,-,-,-,-,-1,,
T166,Sam Merrill,FA,G,140.0,140.00,-,-,-,-,-1,,
T166,Rokas Jokubaitis,FA,G,140.0,140.00,-,-,-,-,-1,,
T166,Freddie Gillespie,FA,C,140.0,140.00,-,-,-,-,-1,,
934,Daishen Nix,HOU,G,420.5,140.00,-,-,-,700.90,-1,,
T166,Grant Riller,FA,G,140.0,140.00,-,-,-,-,-1,,
904,CJ Elleby,FA,F,394.0,140.00,-,-,-,647.90,-1,,
T166,Javin DeLaurier,FA,F,140.0,140.00,-,-,-,-,-1,,
T166,Skylar Mays,FA,G,140.0,140.00,-,-,-,-,-1,,
T166,Mason Jones,FA,G,140.0,140.00,-,-,-,-,-1,,
T166,Mac McClung,FA,G,140.0,140.00,-,-,-,-,-1,,
T166,Aaron Henry,FA,F,140.0,140.00,-,-,-,-,-1,,
T166,Carlik Jones,FA,G,140.0,140.00,-,-,-,-,-1,,
T166,Justin Champagnie,TOR,F,140.0,140.00,-,-,-,-,-1,,
T166,Eugene Omoruyi,OKC,F,140.0,140.00,-,-,-,-,-1,,
T166,Jordan Schakel,FA,F,140.0,140.00,-,-,-,-,-1,,
T166,Chaundee Brown,FA,G,140.0,140.00,-,-,-,-,-1,,
875,Sandro Mamukelashvili,MIL,F,361.6,140.00,-,-,-,583.20,-1,,
T166,Brodric Thomas,FA,G,140.0,140.00,-,-,-,-,-1,,
840,Neemias Queta,SAC,C,331.1,140.00,-,-,-,522.27,-1,,
T166,Cassius Stanley,FA,G,140.0,140.00,-,-,-,-,-1,,
T166,Zavier Simpson,FA,G,140.0,140.00,-,-,-,-,-1,,
T166,Tyler Bey,FA,F,140.0,140.00,-,-,-,-,-1,,
T166,Justinian Jessup,FA,G,140.0,140.00,-,-,-,-,-1,,
T166,Ashton Hagans,FA,G,140.0,140.00,-,-,-,-,0.00,,
T166,Cassius Winston,FA,G,140.0,140.00,-,-,-,-,-1,,
T166,Jaime Echenique,FA,C,140.0,140.00,-,-,-,-,-1,,
T166,Markus Howard,FA,G,140.0,140.00,-,-,-,-,-1,,
T166,Devontae Cacok,FA,F,140.0,140.00,-,-,-,-,-1,,
T166,Jarrell Brantley,FA,F,140.0,140.00,-,-,-,-,-1,,
T166,Marial Shayok,FA,G,140.0,140.00,-,-,-,-,-1,,
T166,DaQuan Jeffries,NYK,F,140.0,140.00,-,-,-,-,-1,,
T166,Matt Mooney,FA,G,140.0,140.00,-,-,-,-,-1,,
T166,Justin Robinson,FA,G,140.0,140.00,-,-,-,-,-1,,
T166,Keljin Blevins,FA,F,140.0,140.00,-,-,-,-,-1,,
T166,Marko Guduric,FA,G,140.0,140.00,-,-,-,-,-1,,
T166,Hassani Gravett,FA,G,140.0,140.00,-,-,-,-,-1,,
T166,Devin Cannady,FA,G,140.0,140.00,-,-,-,-,-1,,
T166,Daniel Oturu,FA,C,140.0,140.00,-,-,-,-,-1,,
936,Kevin Knox,DET,F,421.5,140.00,-,-,-,702.90,-1,,
T166,Melvin Frazier,FA,G,140.0,140.00,-,-,-,-,-1,,
T166,Zhaire Smith,FA,G,140.0,140.00,-,-,-,-,-1,,
T166,Jacob Evans,FA,G,140.0,140.00,-,-,-,-,-1,,
T166,Trevon Duval,FA,G,140.0,140.00,-,-,-,-,-1,,
T166,Brandon Sampson,FA,G,140.0,140.00,-,-,-,-,-1,,
T166,Kelan Martin,FA,F,140.0,140.00,-,-,-,-,-1,,
T166,Zach Lofton,FA,G,140.0,140.00,-,-,-,-,-1,,
T166,Daryl Macon,FA,G,140.0,140.00,-,-,-,-,-1,,
T166,Yante Maten,FA,F,140.0,140.00,-,-,-,-,-1,,
T166,B.J. Johnson,FA,G,140.0,140.00,-,-,-,-,-1,,
941,Theo Pinson,DAL,G,425.0,140.00,-,-,-,709.90,-1,,
T166,Donte Grantham,FA,F,140.0,140.00,-,-,-,-,-1,,
T166,Jared Terrell,FA,G,140.0,140.00,-,-,-,-,-1,,
T166,George King,FA,G,140.0,140.00,-,-,-,-,-1,,
T166,Vincent Edwards,FA,F,140.0,140.00,-,-,-,-,-1,,
962,Jaylen Adams,FA,G,440.9,140.00,-,-,-,741.80,-1,,
T166,Angel Delgado,FA,C,140.0,140.00,-,-,-,-,-1,,
T166,Gary Clark,FA,F,140.0,140.00,-,-,-,-,-1,,
T166,Keenan Evans,FA,G,140.0,140.00,-,-,-,-,-1,,
T166,Kevin Hervey,FA,F,140.0,140.00,-,-,-,-,-1,,
902,Svi Mykhailiuk,NYK,G,392.4,140.00,-,-,-,644.70,-1,,
T166,Jordan Loyd,FA,G,140.0,140.00,-,-,-,-,-1,,
T166,Ryan Broekhoff,FA,G,140.0,140.00,-,-,-,-,-1,,
T166,Joe Chealey,FA,G,140.0,140.00,-,-,-,-,-1,,
T166,Deividas Sirvydis,FA,F,140.0,140.00,-,-,-,-,-1,,
T166,Vanja Marinkovic,FA,G,140.0,140.00,-,-,-,-,-1,,
T166,Adam Mokoka,FA,G,140.0,140.00,-,-,-,-,-1,,
T166,Alen Smailagic,FA,F,140.0,140.00,-,-,-,-,-1,,
T166,Dewan Hernandez,FA,C,140.0,140.00,-,-,-,-,-1,,
T166,Ignas Brazdeikis,FA,F,140.0,140.00,-,-,-,-,-1,,
T166,Tyler Cook,FA,F,140.0,140.00,-,-,-,-,-1,,
973,Louis King,FA,F,447.4,140.00,-,-,-,754.80,-1,,
T166,Jalen Lecque,FA,G,140.0,140.00,-,-,-,-,-1,,
T166,Admiral Schofield,ORL,F,140.0,140.00,-,-,-,-,-1,,
T166,Miye Oni,FA,G,140.0,140.00,-,-,-,-,-1,,
T166,Moses Brown,LAC,C,140.0,140.00,-,-,-,-,-1,,
866,Bruno Fernando,HOU,C,354.0,140.00,-,-,192.00,729.90,-1,,
T166,Richard Solomon,FA,F,140.0,140.00,-,-,-,-,-1,,
915,David Nwaba,FA,F,405.5,140.00,-,-,-,670.90,-1,,
T166,T.J. Leaf,FA,F,140.0,140.00,-,-,-,-,-1,,
T166,Justin Patton,FA,C,140.0,140.00,-,-,-,-,-1,,
T166,Xavier Rathan-Mayes,FA,G,140.0,140.00,-,-,-,-,-1,,
T166,Dwayne Bacon,FA,F,140.0,140.00,-,-,-,-,-1,,
T166,Rodions Kurucs,FA,F,140.0,140.00,-,-,-,-,-1,,
T166,Sindarius Thornwell,FA,G,140.0,140.00,-,-,-,-,-1,,
T166,Tyler Dorsey,DAL,G,140.0,140.00,-,-,-,-,-1,,
T166,Devin Robinson,FA,F,140.0,140.00,-,-,-,-,-1,,
846,Frank Ntilikina,DAL,G,335.6,140.00,-,-,192.00,674.90,-1,,
T166,Anzejs Pasecniks,FA,C,140.0,140.00,-,-,-,-,-1,,
T166,Aleksandar Vezenkov,FA,F,140.0,140.00,-,-,-,-,-1,,
T166,Alpha Kaba,FA,F,140.0,140.00,-,-,-,-,-1,,
T166,Marshall Plumlee,FA,C,140.0,140.00,-,-,-,-,-1,,
T166,Okaro White,FA,F,140.0,140.00,-,-,-,-,0.00,,
T166,Vincent Poirier,FA,C,140.0,140.00,-,-,-,-,-1,,
T166,Jalen Jones,FA,F,140.0,140.00,-,-,-,-,-1,,
T166,C.J. Williams,FA,F,140.0,140.00,-,-,-,-,-1,,
T166,Shawn Long,FA,C,140.0,140.00,-,-,-,-,-1,,
T166,David Michineau,FA,G,140.0,140.00,-,-,-,-,-1,,
T166,Wang Zhelin,FA,C,140.0,140.00,-,-,-,-,0.00,,
T166,Isaac Humphries,FA,C,140.0,140.00,-,-,-,-,-1,,
T166,Frank Mason,FA,G,140.0,140.00,-,-,-,-,-1,,
T166,Frank Jackson,FA,G,140.0,140.00,-,-,-,-,-1,,
T166,Johnathan Motley,FA,C,140.0,140.00,-,-,-,-,-1,,
T166,Kobi Simmons,FA,G,140.0,140.00,-,-,-,-,0.00,,
964,Tony Bradley,CHI,C,442.0,140.00,-,-,-,743.90,-1,,
T166,Damyean Dotson,FA,G,140.0,140.00,-,-,-,-,-1,,
T166,Elie Okobo,FA,G,140.0,140.00,-,-,-,-,-1,,
T166,Ognjen Jaramaz,FA,G,140.0,140.00,-,-,-,-,-1,,
T166,Ben Moore,FA,F,140.0,140.00,-,-,-,-,-1,,
T166,Isaiah Hicks,FA,C,140.0,140.00,-,-,-,-,-1,,
T166,Rodney Purvis,FA,G,140.0,140.00,-,-,-,-,-1,,
T166,Amile Jefferson,FA,F,140.0,140.00,-,-,-,-,-1,,
T166,Troy Caupain,FA,G,140.0,140.00,-,-,-,-,-1,,
T166,Naz Mitrou-Long,FA,G,140.0,140.00,-,-,-,-,-1,,
766,Erik McCree,FA,F,273.8,140.00,-,-,-,407.65,-1,,
T166,Alfonzo McKinnie,FA,F,140.0,140.00,-,-,-,-,-1,,
T166,Gian Clavell,FA,G,140.0,140.00,-,-,-,-,-1,,
T166,Matt Williams,FA,G,140.0,140.00,-,-,-,-,-1,,
T166,Derrick Walton,FA,G,140.0,140.00,-,-,-,-,-1,,
T166,Tyler Cavanaugh,FA,F,140.0,140.00,-,-,-,-,-1,,
T166,Charles Cooke,FA,G,140.0,140.00,-,-,-,-,-1,,
T166,Jamel Artis,FA,G,140.0,140.00,-,-,-,-,-1,,
773,Amida Brimah,FA,C,280.8,140.00,-,-,-,421.50,-1,,
T166,Jaylen Morris,FA,G,140.0,140.00,-,-,-,-,-1,,
T166,Mychal Mulder,FA,G,140.0,140.00,-,-,-,-,-1,,
T166,Billy Garrett,FA,G,140.0,140.00,-,-,-,-,-1,,
T166,Tahjere McCall,FA,G,140.0,140.00,-,-,-,-,-1,,
T166,Myke Henry,FA,F,140.0,140.00,-,-,-,-,-1,,
T864,Keita Bates-Diop,SAS,F,353.8,140.00,-,-,-,567.60,-1,,
T166,Bonzie Colson,FA,F,140.0,140.00,-,-,-,-,-1,,
T166,Cody Demps,FA,G,140.0,140.00,-,-,-,-,-1,,
T166,Michael Cobbins,FA,F,140.0,140.00,-,-,-,-,-1,,
T166,Dusty Hannahs,FA,G,140.0,140.00,-,-,-,-,-1,,
T166,Jahlil Okafor,FA,C,140.0,140.00,-,-,-,-,-1,,
T166,Treveon Graham,FA,F,140.0,140.00,-,-,-,-,-1,,
T166,Rashad Vaughn,FA,G,140.0,140.00,-,-,-,-,-1,,
T166,Rondae Hollis-Jefferson,FA,F,140.0,140.00,-,-,-,-,-1,,
T166,Sam Dekker,FA,F,140.0,140.00,-,-,-,-,-1,,
T166,Olivier Hanlan,FA,G,140.0,140.00,-,-,-,-,-1,,
T166,Tyler Harvey,FA,G,140.0,140.00,-,-,-,-,-1,,
T166,Dani Diez,FA,G,140.0,140.00,-,-,-,-,-1,,
T166,Vince Hunter,FA,F,140.0,140.00,-,-,-,-,-1,,
T166,Michael Frazier,FA,G,140.0,140.00,-,-,-,-,-1,,
T166,Nikola Milutinov,FA,C,140.0,140.00,-,-,-,-,-1,,
T166,Marcus Thornton,FA,G,140.0,140.00,-,-,-,-,-1,,
T166,Darrun Hilliard,FA,G,140.0,140.00,-,-,-,-,-1,,
T166,Langston Galloway,FA,G,140.0,140.00,-,-,-,-,-1,,
T166,David Stockton,FA,G,140.0,140.00,-,-,-,-,-1,,
T166,Jordan Mickey,FA,F,140.0,140.00,-,-,-,-,-1,,
T166,Emmanuel Mudiay,FA,G,140.0,140.00,-,-,-,-,-1,,
T166,Tyler Johnson,FA,G,140.0,140.00,-,-,-,-,-1,,
965,Jordan Adams,FA,G,442.4,140.00,-,-,-,744.80,-1,,
T166,Bruno Caboclo,FA,F,140.0,140.00,-,-,-,-,-1,,
T166,Damjan Rudez,FA,F,140.0,140.00,-,-,-,-,-1,,
T166,Shayne Whittington,FA,C,140.0,140.00,-,-,-,-,-1,,
T166,Sean Kilpatrick,FA,G,140.0,140.00,-,-,-,-,-1,,
T166,Eric Moreland,FA,F,140.0,140.00,-,-,-,-,-1,,
T166,Cameron Bairstow,FA,F,140.0,140.00,-,-,-,-,-1,,
T166,Wayne Selden,FA,G,140.0,140.00,-,-,-,-,-1,,
T166,Kay Felder,FA,G,140.0,140.00,-,-,-,-,-1,,
T166,Timothe Luwawu-Cabarrot,FA,F,140.0,140.00,-,-,-,-,-1,,
T166,Ben Bentil,FA,F,140.0,140.00,-,-,-,-,-1,,
T166,Isaiah Cousins,FA,G,140.0,140.00,-,-,-,-,-1,,
T166,Michael Gbinije,FA,G,140.0,140.00,-,-,-,-,-1,,
T166,Chinanu Onuaku,FA,C,140.0,140.00,-,-,-,-,-1,,
T166,Yogi Ferrell,FA,G,140.0,140.00,-,-,-,-,-1,,
T166,Jarrod Uthoff,FA,F,140.0,140.00,-,-,-,-,-1,,
T166,Axel Toupane,FA,F,140.0,140.00,-,-,-,-,-1,,
T166,Luis Montero,FA,G,140.0,140.00,-,-,-,-,-1,,
T166,Maurice Ndour,FA,F,140.0,140.00,-,-,-,-,-1,,
T166,Salah Mejri,FA,C,140.0,140.00,-,-,-,-,-1,,
T166,Malcolm Miller,FA,F,140.0,140.00,-,-,-,-,-1,,
T166,Coty Clarke,FA,F,140.0,140.00,-,-,-,-,-1,,
T166,Marcelinho Huertas,FA,G,140.0,140.00,-,-,-,-,-1,,
T166,Patrick McCaw,FA,F,140.0,140.00,-,-,-,-,-1,,
T166,Henry Ellenson,FA,F,140.0,140.00,-,-,-,-,-1,,
T166,Jordan Sibert,FA,G,140.0,140.00,-,-,-,-,-1,,
T166,Julian Washburn,FA,F,140.0,140.00,-,-,-,-,-1,,
T166,Xavier Munford,FA,G,140.0,140.00,-,-,-,-,-1,,
T166,Tim Quarterman,FA,G,140.0,140.00,-,-,-,-,-1,,
959,Marquese Chriss,FA,C,438.5,140.00,-,-,-,736.90,-1,,
T166,Drew Gordon,FA,F,140.0,140.00,-,-,-,-,-1,,
T166,Tony Snell,FA,F,140.0,140.00,-,-,-,-,-1,,
T166,Pierre Jackson,FA,G,140.0,140.00,-,-,-,-,-1,,
T166,Archie Goodwin,FA,G,140.0,140.00,-,-,-,-,-1,,
T166,Ben McLemore,FA,G,140.0,140.00,-,-,-,-,-1,,
927,Trey Burke,FA,G,416.0,140.00,-,-,-,691.90,-1,,
T166,Kent Bazemore,FA,F,140.0,140.00,-,-,-,-,-1,,
T166,Willie Reed,FA,C,140.0,140.00,-,-,-,-,-1,,
T166,Shabazz Muhammad,FA,F,140.0,140.00,-,-,-,-,-1,,
T166,Norvel Pelle,FA,C,140.0,140.00,-,-,-,-,-1,,
T166,Walter Tavares,FA,C,140.0,140.00,-,-,-,-,-1,,
T166,Dwight Buycks,FA,G,140.0,140.00,-,-,-,-,-1,,
T166,James Ennis,FA,F,140.0,140.00,-,-,-,-,-1,,
T166,Grant Jerrett,FA,F,140.0,140.00,-,-,-,-,-1,,
T166,Andre Roberson,FA,G,140.0,140.00,-,-,-,-,-1,,
T166,Troy Daniels,FA,G,140.0,140.00,-,-,-,-,-1,,
T166,James Nunnally,FA,F,140.0,140.00,-,-,-,-,-1,,
T166,Trey McKinney-Jones,FA,G,140.0,140.00,-,-,-,-,-1,,
T166,Nik Stauskas,FA,G,140.0,140.00,-,-,-,-,-1,,
T166,Cleanthony Early,FA,F,140.0,140.00,-,-,-,-,-1,,
T166,P.J. Hairston,FA,G,140.0,140.00,-,-,-,-,-1,,
T166,K.J. McDaniels,FA,F,140.0,140.00,-,-,-,-,-1,,
T166,Glenn Robinson,FA,F,140.0,140.00,-,-,-,-,-1,,
T166,Lamar Patterson,FA,G,140.0,140.00,-,-,-,-,-1,,
T166,James McAdoo,FA,F,140.0,140.00,-,-,-,-,-1,,
T166,Josh Huestis,FA,F,140.0,140.00,-,-,-,-,-1,,
T166,Aaron Harrison,FA,G,140.0,140.00,-,-,-,-,-1,,
T166,Russ Smith,FA,G,140.0,140.00,-,-,-,-,-1,,
T166,Anthony Tolliver,FA,F,140.0,140.00,-,-,-,-,-1,,
T166,Joe Johnson,FA,F,140.0,140.00,-,-,-,-,-1,,
T166,C.J. Miles,FA,G,140.0,140.00,-,-,-,-,-1,,
T166,Darren Collison,FA,G,140.0,140.00,-,-,-,-,-1,,
T166,Jeff Teague,FA,G,140.0,140.00,-,-,-,-,-1,,
T166,Greg Monroe,FA,C,140.0,140.00,-,-,-,-,-1,,
T166,Patrick Patterson,FA,F,140.0,140.00,-,-,-,-,-1,,
T166,MarShon Brooks,FA,G,140.0,140.00,-,-,-,-,-1,,
873,Cory Joseph,DET,G,359.9,140.00,-,-,-,579.70,-1,,
T166,Scotty Hopson,FA,G,140.0,140.00,-,-,-,-,-1,,
853,Malachi Flynn,TOR,G,342.6,140.00,-,-,-,545.27,0.02,,
820,Josh Green,DAL,F,312.4,140.00,-,-,-,484.77,-1,,
T166,Nikola Radicevic,FA,G,140.0,140.00,-,-,-,-,-1,,
T643,Jalen Williams,OKC,G,146.0,140.00,-,143.30,141.50,159.03,0.00,,
T166,Nigel Hayes,FA,F,140.0,140.00,-,-,-,-,-1,,
T166,Wayne Ellington,FA,G,140.0,140.01,-,-,-,-,-1,,
863,Taurean Prince,MIN,F,353.6,140.01,-,-,-,567.20,-1,OUT,Shoulder
T166,Udonis Haslem,MIA,C,140.0,140.01,-,-,-,-,-1,,
892,Amir Coffey,LAC,F,375.1,140.01,-,-,-,610.20,-1,,
T166,Hollis Thompson,FA,F,140.0,140.01,-,-,-,-,-1,,
719,Alec Burks,DET,G,215.8,140.02,-,138.40,192.00,392.65,0.00,,
815,Bryn Forbes,MIN,G,308.0,140.02,-,-,191.80,592.20,0.00,,
834,Terence Davis,SAC,G,326.7,140.02,-,-,-,513.40,-1,GTD,Back
T166,Sim Bhullar,FA,C,140.0,140.02,-,-,-,-,-1,,
T166,Dakari Johnson,FA,C,140.0,140.02,-,-,-,-,-1,,
935,Armoni Brooks,FA,G,421.0,140.02,-,-,-,701.90,-1,,
861,Khem Birch,TOR,C,350.8,140.02,-,-,-,561.60,-1,,
T166,JP Tokoto,FA,G,140.0,140.02,-,-,-,-,-1,,
701,Cody Martin,CHA,G,197.1,140.02,-,-,191.10,260.20,-1,OUT,Knee
746,Ochai Agbaji,UTA,G,253.5,140.03,-,-,191.70,428.87,-1,,
724,Quentin Grimes,NYK,G,226.0,140.03,-,-,191.80,346.13,0.00,,
686,Rui Hachimura,WAS,F,166.5,140.04,151.51,139.20,174.20,227.36,-1,OUT,Ankle
727,Isaiah Roby,SAS,F,229.5,140.04,-,-,-,319.05,-1,,
717,T.J. McConnell,IND,G,214.7,140.05,-,141.30,191.90,385.69,0.00,GTD,Illness
669,Precious Achiuwa,TOR,C,154.4,140.06,-,138.40,186.50,152.81,-1,OUT,Ankle
T124,Chris Duarte,IND,G,125.2,140.13,91.28,139.40,125.50,129.90,0.01,OUT,Ankle
662,Darius Bazley,OKC,F,151.5,140.15,150.26,144.00,157.00,166.21,0.01,,
987,Jalen Adams,FA,G,738.8,-,-,-,-,738.80,-1,,
976,Isaac Haas,FA,C,459.8,-,-,-,-,459.83,-1,,
977,LiAngelo Ball,FA,G,472.7,-,-,-,-,472.65,-1,,
982,Trevelin Queen,IND,G,722.9,-,-,-,-,722.90,-1,,
960,Matt Ryan,MIN,F,438.7,-,-,-,-,438.65,-1,,
991,Braxton Key,DET,F,755.9,-,-,-,-,755.90,-1,,
978,Jamal Cain,MIA,F,488.4,-,-,-,-,488.40,-1,,
T992,Allen Crabbe,FA,G,-,-,-,-,-,-,0.02,GTD,Achilles
T992,Jamaree Bouyea,FA,G,-,-,-,-,-,-,-1,,
979,Kenneth Lofton,MEM,F,517.6,-,-,-,-,517.60,-1,,
972,Julian Champagnie,PHI,F,447.1,-,-,-,-,447.10,-1,,
983,Aminu Mohammed,FA,G,728.2,-,-,-,-,728.20,-1,,
990,Jermaine Samuels,FA,F,753.9,-,-,-,-,753.90,-1,,
988,Jalen Adaway,FA,G,745.9,-,-,-,-,745.90,-1,,
961,DJ Carton,FA,G,439.8,-,-,-,-,439.83,-1,,
919,DJ Stewart,FA,G,409.3,-,-,-,-,409.27,-1,,
986,Eric Demers,FA,G,737.2,-,-,-,-,737.20,-1,,
T992,Zaire Wade,FA,G,-,-,-,-,-,-,-1,OFS,Knee
T992,Ike Anigbogu,FA,C,-,-,-,-,-,-,-1,OUT,Knee
958,Bryce Alford,FA,G,437.8,-,-,-,-,437.83,-1,GTD,Undisclosed
913,Derrick Alston,FA,F,402.5,-,-,-,-,402.50,-1,GTD,Toe
T992,Shabazz Napier,FA,G,-,-,-,-,-,-,-1,GTD,Undisclosed
T992,Travis Wear,FA,F,-,-,-,-,-,-,-1,OFS,Undisclosed
T992,David Wear,FA,F,-,-,-,-,-,-,-1,,
T992,Jarell Eddie,FA,F,-,-,-,-,-,-,-1,,
T992,Andre Dawkins,FA,G,-,-,-,-,-,-,-1,,
T992,Elijah Millsap,FA,G,-,-,-,-,-,-,-1,,
T992,Tarik Black,FA,C,-,-,-,-,-,-,-1,,
T992,Jerrelle Benimon,FA,F,-,-,-,-,-,-,-1,,
T992,Juan Pablo Vaulet,FA,F,-,-,-,-,-,-,-1,,
984,R.J. Hunter,FA,G,732.8,-,-,-,-,732.80,-1,,
T992,Jason Washburn,FA,C,-,-,-,-,-,-,-1,,
T992,Alex Stepheson,FA,F,-,-,-,-,-,-,-1,,
T992,John Holland,FA,F,-,-,-,-,-,-,-1,,
T992,Skal Labissiere,FA,C,-,-,-,-,-,-,-1,,
T992,Dragan Bender,FA,F,-,-,-,-,-,-,-1,,
T992,Kyle Wiltjer,FA,F,-,-,-,-,-,-,-1,,
T992,Ante Zizic,FA,C,-,-,-,-,-,-,-1,,
957,Landry Nnoko,FA,C,436.2,-,-,-,-,436.20,-1,,
T992,Reggie Hearn,FA,G,-,-,-,-,-,-,-1,,
T992,Jonah Bolden,FA,F,-,-,-,-,-,-,-1,,
T992,Jonathan Gibson,FA,G,-,-,-,-,-,-,-1,,
T992,Jaron Blossomgame,FA,F,-,-,-,-,-,-,-1,,
T992,Tyler Lydon,FA,F,-,-,-,-,-,-,-1,,
T992,Jawun Evans,FA,G,-,-,-,-,-,-,-1,,
T992,Ivan Rabb,FA,C,-,-,-,-,-,-,-1,,
T992,Milos Teodosic,FA,G,-,-,-,-,-,-,-1,,
T992,Nigel Williams-Goss,FA,G,-,-,-,-,-,-,-1,,
910,George de Paula,FA,G,398.2,-,-,-,-,398.17,-1,,
T992,Kadeem Allen,FA,G,-,-,-,-,-,-,-1,,
T992,Andre Ingram,FA,G,-,-,-,-,-,-,-1,,
T992,Jacob Pullen,FA,G,-,-,-,-,-,-,-1,,
T992,Jordan McRae,FA,G,-,-,-,-,-,-,-1,,
T992,Nick Johnson,FA,G,-,-,-,-,-,-,-1,,
T992,Johnny O'Bryant,FA,F,-,-,-,-,-,-,-1,,
T992,Cory Jefferson,FA,F,-,-,-,-,-,-,-1,,
T992,Mario Hezonja,FA,F,-,-,-,-,-,-,-1,,
980,Justin Brownlee,FA,F,585.7,-,-,-,-,585.70,-1,,
T992,Arinze Onuaku,FA,C,-,-,-,-,-,-,-1,,
T992,Ryan Kelly,FA,F,-,-,-,-,-,-,-1,,
T992,Jack Cooley,FA,C,-,-,-,-,-,-,-1,,
T992,Brandon Paul,FA,G,-,-,-,-,-,-,-1,,
T992,Henry Sims,FA,C,-,-,-,-,-,-,-1,,
T992,Justin Hamilton,FA,C,-,-,-,-,-,-,-1,,
T992,Kostas Papanikolaou,FA,F,-,-,-,-,-,-,0.00,,
T992,Kyle O'Quinn,FA,C,-,-,-,-,-,-,-1,,
T992,Scott Machado,FA,G,-,-,-,-,-,-,-1,,
931,Quincy Acy,FA,F,419.2,-,-,-,-,419.20,-1,,
T992,Robert Sacre,FA,C,-,-,-,-,-,-,-1,,
T992,Chris Copeland,FA,F,-,-,-,-,-,-,-1,,
T992,Donald Sloan,FA,G,-,-,-,-,-,-,-1,,
T992,Jared Sullinger,FA,F,-,-,-,-,-,-,-1,,
T992,DeAndre Liggins,FA,G,-,-,-,-,-,-,-1,,
T992,Greg Smith,FA,F,-,-,-,-,-,-,-1,,
T992,John Henson,FA,C,-,-,-,-,-,-,-1,,
T992,Thomas Robinson,FA,C,-,-,-,-,-,-,-1,,
T992,Michael Kidd-Gilchrist,FA,F,-,-,-,-,-,-,-1,,
T992,Dion Waiters,FA,G,-,-,-,-,-,-,-1,,
T992,Marquis Teague,FA,G,-,-,-,-,-,-,-1,,
T992,Tony Wroten,FA,G,-,-,-,-,-,-,-1,,
T992,Orlando Johnson,FA,G,-,-,-,-,-,-,-1,,
T992,Andrew Nicholson,FA,F,-,-,-,-,-,-,-1,,
T992,Festus Ezeli,FA,C,-,-,-,-,-,-,-1,,
T992,Brian Roberts,FA,G,-,-,-,-,-,-,-1,,
967,Anthony Bennett,FA,F,443.7,-,-,-,-,443.70,-1,,
T992,Jeff Withey,FA,C,-,-,-,-,-,-,-1,,
T992,Erick Green,FA,G,-,-,-,-,-,-,-1,,
985,Alex Abrines,FA,G,735.8,-,-,-,-,735.80,-1,,
T992,Ray McCallum,FA,G,-,-,-,-,-,-,-1,,
T992,Jordan Hamilton,FA,F,-,-,-,-,-,-,-1,,
T992,James Anderson,FA,G,-,-,-,-,-,-,-1,,
T992,Derrick Williams,FA,F,-,-,-,-,-,-,-1,,
T992,Lavoy Allen,FA,C,-,-,-,-,-,-,-1,,
T992,Kalin Lucas,FA,G,-,-,-,-,-,-,-1,,
T992,Jeremy Pargo,FA,G,-,-,-,-,-,-,-1,,
T992,Julyan Stone,FA,G,-,-,-,-,-,-,-1,,
T992,Furkan Aldemir,FA,F,-,-,-,-,-,-,-1,,
T992,Iman Shumpert,FA,G,-,-,-,-,-,-,-1,,
T992,Justin Harper,FA,F,-,-,-,-,-,-,-1,,
981,Nikola Mirotic,FA,F,684.8,-,-,-,-,684.80,-1,,
T992,Norris Cole,FA,G,-,-,-,-,-,-,-1,,
T992,Andrew Goudelock,FA,G,-,-,-,-,-,-,-1,,
T992,Luke Babbitt,FA,F,-,-,-,-,-,-,-1,,
T992,Jeremy Evans,FA,F,-,-,-,-,-,-,-1,,
T992,Timofey Mozgov,FA,C,-,-,-,-,-,-,-1,,
T992,Jeremy Lin,FA,G,-,-,-,-,-,-,0.35,,
T992,Larry Sanders,FA,C,-,-,-,-,-,-,-1,,
T992,Jordan Crawford,FA,G,-,-,-,-,-,-,-1,,
T992,Tibor Pleiss,FA,C,-,-,-,-,-,-,-1,,
T992,Manny Harris,FA,G,-,-,-,-,-,-,-1,,
T992,DeJuan Blair,FA,F,-,-,-,-,-,-,-1,,
T992,Tyler Hansbrough,FA,F,-,-,-,-,-,-,-1,,
T992,Marcus Thornton,FA,G,-,-,-,-,-,-,-1,,
989,Jeff Adrien,FA,F,749.8,-,-,-,-,749.80,-1,,
T992,Jeff Ayres,FA,F,-,-,-,-,-,-,-1,,
T992,Toney Douglas,FA,G,-,-,-,-,-,-,-1,,
T992,Alonzo Gee,FA,F,-,-,-,-,-,-,-1,,
T992,Cole Aldrich,FA,C,-,-,-,-,-,-,-1,,
T992,Tyson Chandler,FA,C,-,-,-,-,-,-,-1,,
T992,Anderson Varejao,FA,C,-,-,-,-,-,-,-1,,
T992,Damien Wilkins,FA,F,-,-,-,-,-,-,-1,,
T992,Jarrett Jack,FA,G,-,-,-,-,-,-,-1,,
T992,Ian Mahinmi,FA,C,-,-,-,-,-,-,-1,,
T992,Ronnie Price,FA,G,-,-,-,-,-,-,-1,,
T992,Alan Anderson,FA,F,-,-,-,-,-,-,-1,,
T992,Amar'e Stoudemire,FA,C,-,-,-,-,-,-,-1,,
T992,Luis Scola,FA,F,-,-,-,-,-,-,-1,,
T992,Kyle Korver,FA,G,-,-,-,-,-,-,-1,,
T992,Brandon Bass,FA,F,-,-,-,-,-,-,-1,,
T992,Nate Robinson,FA,G,-,-,-,-,-,-,0.01,,
975,Josh Smith,FA,F,449.9,-,-,-,-,449.93,-1,,
T992,Sergio Rodriguez,FA,G,-,-,-,-,-,-,-1,,
T992,Thabo Sefolosha,FA,F,-,-,-,-,-,-,-1,,
T992,Lou Amundson,FA,C,-,-,-,-,-,-,-1,,
T992,Marco Belinelli,FA,G,-,-,-,-,-,-,-1,,
T992,Nick Young,FA,G,-,-,-,-,-,-,0.01,,
T992,Brandan Wright,FA,C,-,-,-,-,-,-,-1,,
T992,Darrell Arthur,FA,F,-,-,-,-,-,-,-1,,
T992,Mario Chalmers,FA,G,-,-,-,-,-,-,-1,,
T992,Courtney Lee,FA,G,-,-,-,-,-,-,-1,,
T992,Jason Thompson,FA,F,-,-,-,-,-,-,-1,,
T992,Sonny Weems,FA,G,-,-,-,-,-,-,-1,,
T992,Brandon Jennings,FA,G,-,-,-,-,-,-,-1,,
T992,Anthony Morrow,FA,G,-,-,-,-,-,-,-1,,
912,Cartier Martin,FA,F,401.2,-,-,-,-,401.17,-1,,
T992,Ty Lawson,FA,G,-,-,-,-,-,-,-1,,
T992,Marreese Speights,FA,F,-,-,-,-,-,-,-1,,
T992,Alexis Ajinca,FA,C,-,-,-,-,-,-,-1,,
T992,C.J. Watson,FA,G,-,-,-,-,-,-,-1,,
T992,JJ Hickson,FA,F,-,-,-,-,-,-,-1,,
T992,O.J. Mayo,FA,G,-,-,-,-,-,-,-1,,
T992,Ryan Anderson,FA,F,-,-,-,-,-,-,-1,,
T992,Josh McRoberts,FA,F,-,-,-,-,-,-,-1,,
T992,Bobby Brown,FA,G,-,-,-,-,-,-,-1,,
T992,Carl Landry,FA,F,-,-,-,-,-,-,-1,,
T992,Jared Dudley,FA,F,-,-,-,-,-,-,-1,,
T992,Brandon Rush,FA,G,-,-,-,-,-,-,-1,,
T992,Reggie Williams,FA,G,-,-,-,-,-,-,-1,,
T992,Wilson Chandler,FA,F,-,-,-,-,-,-,-1,,
T992,Joel Anthony,FA,C,-,-,-,-,-,-,-1,,